id,category,question,gold_answer,gold_source,b0_answer,rag_answer,rag_retrieved_sources,b0_correct_manual,rag_correct_manual,notes
q01,answerable_direct,How many hours a fortnight can a Subclass 500 student visa holder work while their course is in session?,Up to 48 hours per fortnight while the course of study or training is in session.,subclass_500_student.txt,"A Subclass 500 student visa holder in Australia can generally work part-time during their studies, with the following restrictions:  1. **20 Hours per Fortnight**: While the course is in session, a student visa holder can usually work up to 20 hours per week (which equates to about 40 hours over two weeks).  2. **Full-Time Study**: If you are undertaking full-time study, you may be limited to working no more than 40 hours per fortnight.  3. **Internships and Practical Training**: Some courses allow for additional work hours as part of an internship or practical training component, but this is course-specific and must comply with the visa conditions.  It's important to check your specific visa conditions and consult with the Department of Home Affairs or a migration agent if you have any doubts about your entitlements. Violating these conditions could result in penalties or even the cancellation of your visa.",A Subclass 500 student visa holder can work up to 48 hours a fortnight while their course of study or training is in session. [Source: subclass_500_student.txt],subclass_500_student.txt (0.829); subclass_500_student.txt (0.786); subclass_417_working_holiday.txt (0.773),,,
q02,answerable_direct,What is the maximum stay on a Subclass 485 Temporary Graduate visa in the Post-Higher Education Work stream?,Usually between 2 and 3 years depending on qualification (5 years for Hong Kong / BNO passport holders).,subclass_485_temporary_graduate.txt,"The maximum stay for a Subclass 485 Temporary Graduate (Post-Study Work) visa is generally up to 3 years, but this can vary based on your study history. Here are some key points:  1. **First Degree**: For the first degree completed in Australia, you can stay for up to 2 years.  2. **Subsequent Degrees**:     - If it's a higher degree by research (PhD), you can stay for up to 4 years.    - For other subsequent degrees, you can stay for up to 3 years.  It's important to note that these periods are cumulative and do not reset with each new visa application. Additionally, the Department of Home Affairs may consider factors such as your employment history and compliance with visa conditions when determining eligibility.  Always check the latest information from official sources like the Australian Government's Department of Home Affairs website for any updates or changes in policies.","The maximum stay on a Subclass 485 Temporary Graduate visa in the Post-Higher Education Work stream usually ranges between 2 and 3 years, depending on the qualification. Hong Kong and British National Overseas passport holders may stay for 5 years. Source: [subclass_485_temporary_graduate.txt]",subclass_485_temporary_graduate.txt (0.868); subclass_485_temporary_graduate.txt (0.843); subclass_485_temporary_graduate.txt (0.81),,,
q03,answerable_direct,Does a Subclass 482 Skills in Demand visa require employer sponsorship?,Yes — the applicant must be nominated for a skilled position by an approved sponsor.,subclass_482_skills_in_demand.txt,"Yes, the Subclass 482 Temporary Skill Shortage (TSS) visa in Australia does typically require employer sponsorship. This visa is designed to address skill shortages in specific occupations and industries where there are insufficient Australian workers available.  Here are some key points about the Subclass 482 visa:  1. **Employer Sponsorship**: The primary requirement for this visa is that an eligible Australian or New Zealand employer must sponsor you. The employer needs to demonstrate a genuine need for your skills in their business and that they have taken steps to recruit locally.  2. **Eligible Occupations**: There are specific occupations listed as eligible under the Subclass 482 visa, which can be found on the Department of Home Affairs website or through the SkillSelect online system.  3. **Duration**: The visa is usually granted for a period of up to four years, with the possibility of extension in some cases. The exact duration depends on factors such as the occupation and the employer's needs.  4. **Skills Assessment**: Depending on your profession, you may need to undergo a skills assessment by an approved organization before applying for the visa.  5. **Work Conditions**: You must work full-time or part-time (at least 38 hours per fortnight) in the nominated position as specified in the job offer and occupation code.  6. **Post-Stay Options**: After staying under this visa, you may be eligible to apply for other visas, such as a permanent residence visa, depending on your circumstances.  It's important to consult with an immigration specialist or the Department of Home Affairs directly for detailed information tailored to your specific situation.","Yes, a Subclass 482 Skills in Demand visa requires employer sponsorship. This is an employer-sponsored temporary visa. [Source: subclass_482_skills_in_demand.txt]",subclass_482_skills_in_demand.txt (0.886); subclass_482_skills_in_demand.txt (0.843); subclass_482_skills_in_demand.txt (0.813),,,
q04,answerable_direct,Can a Subclass 417 Working Holiday visa holder work for the same employer for more than 6 months in the tourism and hospitality sector?,"Yes — tourism and hospitality is a listed critical sector exemption to the 6-month same-employer limitation (condition 8547), so no permission is needed.",whm_6_month_work_limitation.txt,"A Subclass 417 Working Holiday visa holder is generally not permitted to work for the same employer for more than six months, regardless of the industry. This restriction applies across all sectors, including tourism and hospitality.  However, there are some important points to consider:  1. **Employer Change**: If you need to change employers after working for one for six months, you can do so without needing a new visa application, provided your total stay in Australia does not exceed 12 months.  2. **Multiple Employers**: You can work for multiple employers during the validity of your visa, but each period with an individual employer should be less than six months to comply with the conditions of the Subclass 417 visa.  3. **Visa Expiry**: The maximum stay under a Subclass 417 Working Holiday visa is typically up to one year from the date you enter Australia. If you exceed this period, you may not be able to leave and re-enter the country with another working holiday visa in the future.  Always ensure that you are aware of all conditions associated with your visa and comply with Australian immigration regulations to avoid any issues or penalties.","For Subclass 417 Working Holiday visa holders, there is a specific work limitation that applies. According to the information provided:  - All subclass 417 holders are subject to visa condition 8547 — the 6-month work limitation with the same employer (see the WHM 6 month work limitation document), unless an exemption applies.  This means that, in general, a Subclass 417 Working Holiday visa holder cannot work for the same employer for more than 6 months. This restriction is irrespective of the sector, such as tourism and hospitality.  Therefore, a Subclass 417 Working Holiday visa holder cannot work for the same employer for more than 6 months in the tourism and hospitality sector or any other sector.",subclass_417_working_holiday.txt (0.855); subclass_417_working_holiday.txt (0.842); subclass_417_working_holiday.txt (0.832),,,
q05,answerable_direct,What is condition 8547 and which visa holders does it apply to?,"Condition 8547 is the 6-month work limitation with the same employer. It applies to anyone holding a Working Holiday Maker (WHM) visa, including subclass 417 and 462, and to bridging visa holders with the condition attached.",whm_6_month_work_limitation.txt,"I'm sorry, but there doesn't appear to be any widely recognized or official immigration condition known as ""condition 8547."" It's possible that this might be a specific reference within a certain context or jurisdiction that I don't have information about.  In general, when discussing visa conditions, these are typically specific requirements placed on individuals who hold particular types of visas. For example:  1. **Student Visas**: May require students to maintain satisfactory academic performance. 2. **Work Visas**: Might include conditions such as working only for the approved employer or in the approved occupation.  If you could provide more context or specify which country's immigration system this might be related to, I would be better equipped to help you understand what ""condition 8547"" might refer to and who it applies to.","Condition 8547 applies to anyone in Australia who holds a Working Holiday Maker (WHM) visa, specifically Subclass 417 (Working Holiday) and Subclass 462 (Work and Holiday) visas. It also applies to anyone holding a Bridging visa with condition 8547 imposed. This condition restricts the holder from working for more than 6 months continuously for the same employer unless an exemption applies or written approval has been obtained.  Source: [Condition 8547 — WHM 6 month work limitation (Subclass 417 and 462)] in whm_6_month_work_limitation.txt",whm_6_month_work_limitation.txt (0.783); whm_6_month_work_limitation.txt (0.718); whm_6_month_work_limitation.txt (0.708),,,
q06,answerable_direct,How much does a Subclass 500 student visa cost?,"From AUD2,500.00 (concessions apply in limited circumstances for some applicants).",subclass_500_student.txt,"The cost of a Subclass 500 Student Visa in Australia can vary depending on several factors, including your country of citizenship and the type of course you are undertaking. As of my last update, here is an approximate breakdown:  1. **Citizenship/Residency Status**:     - Citizens or permanent residents of Australia: Free    - Other citizens: $2,350 AUD (as of 2023)  2. **Course Duration**:    - Short-term study visa: Up to 6 months, cost is included in the course fee.    - Long-term study visa: More than 6 months, additional visa application fee applies.  It's important to note that these fees are subject to change and you should check the official Australian Government Department of Home Affairs website for the most current information. Additionally, there may be other costs associated with studying in Australia, such as course fees at your institution, accommodation, and living expenses.","The cost for a Subclass 500 Student visa is AUD2,500.00, with lower costs applying to eligible Pacific Island and Timor-Leste citizens, eligible ASEAN citizens, and applicants in the ELICOS and Non-Award sector who lodge a valid Student visa application. Source: [subclass_500_student.txt]",subclass_500_student.txt (0.843); subclass_500_student.txt (0.808); subclass_500_student.txt (0.751),,,
q07,cross_subclass_probe,How many hours a fortnight am I allowed to work on my visa?,"Depends on the visa subclass — the 48 hours/fortnight cap only applies to Subclass 500 Student visas while the course is in session. Subclass 485, 482 and 417/462 do not carry this specific cap. The correct answer requires knowing which visa the person holds.",multiple,"The number of hours you're allowed to work per fortnight depends on your specific visa type and the conditions associated with it. Here are some general guidelines:  1. **Student Visa (Subclass 500)**: You can usually work up to 40 hours a week while studying full-time, but this may vary depending on your course level.  2. **Working Holiday Visa (Subclass 417 or 462)**: You are generally allowed to work unlimited hours per fortnight, but you must maintain the required residence period.  3. **Temporary Skill Shortage Visa (Subclass 482)**: The number of hours can vary based on your occupation and employer agreement, but it typically allows for full-time employment.  4. **Other Visas**: For other visa types like Subclass 600 (Visitor) or 650 (Carer), work is generally not permitted unless specifically stated otherwise in the visa conditions.  To get precise information about your specific visa and working hours, you should refer to the Department of Home Affairs website or contact their customer service. They can provide detailed guidance based on your individual circumstances.","That's a case-specific question — please contact a registered migration agent or the Department of Home Affairs directly. The subclass 417 Working Holiday visa does not have a specific cap on the number of hours you can work per fortnight; however, it is subject to visa condition 8547 which imposes a 6-month limitation with the same employer unless an exemption applies.",subclass_417_working_holiday.txt (0.743); whm_6_month_work_limitation.txt (0.723); whm_6_month_work_limitation.txt (0.719),,,
q08,cross_subclass_probe,Can I work for the same employer for more than 6 months?,"Depends on the visa subclass — the 6-month same-employer limit (condition 8547) applies only to Working Holiday Maker visas (417/462), not to Subclass 500, 485 or 482.",multiple,"The duration of your employment with an employer is generally not limited to six months by default; it depends on the specific terms outlined in your employment contract or agreement, local labor laws, and company policies.  Here are some key points to consider:  1. **Employment Contract**: Check if there's a clause specifying the term of your employment. Some contracts may have fixed-term agreements that last for more than six months.  2. **Local Labor Laws**: Different countries have different regulations regarding employment duration. For example, in many places, there are no legal restrictions on how long you can work for one employer, but some might have specific rules about renewals or terminations after a certain period.  3. **Company Policies**: Some companies may have internal policies that limit the length of continuous service for various reasons (e.g., to promote employee mobility). However, this is less common and usually not a legal requirement.  4. **Renewal Options**: If you're working under a contract with a fixed term, it might be renewable. You can discuss renewal options with your employer if you plan to stay longer than six months.  5. **Performance Reviews**: Regular performance reviews can help ensure that both you and the employer are satisfied with the arrangement, which may lead to continued employment beyond six months.  If you're unsure about any of these aspects, it's a good idea to discuss them directly with your employer or seek advice from an HR representative.","The ability to work for the same employer for more than 6 months depends on several factors and specific circumstances. According to Condition 8547 of Subclass 417 and 462 WHM visas, you can work for the same employer for more than 6 months if your work falls under one of the following exemptions:  - Working in different locations for the same employer, as long as work in any one location does not exceed 6 months. - Plant and animal cultivation anywhere in Australia. - Natural disaster recovery work anywhere in Australia. - Critical sectors anywhere in Australia, including agriculture, food processing, health, aged and disability care and childcare, tourism and hospitality. - Certain industries in Northern Australia only: fishing and pearling, tree farming and felling, construction, mining.  If your work does not fall within any of these exemptions, you can only work for the same employer for a maximum of 6 months while holding a WHM visa.   For further clarification or if your specific situation involves an exemption, it is recommended to consult the online form ""Permission to work longer than 6 months"" or contact the Department of Home Affairs directly.  This information applies specifically to Subclass 417 and 462 visas; other visa subclasses have different work conditions.",whm_6_month_work_limitation.txt (0.822); whm_6_month_work_limitation.txt (0.762); whm_6_month_work_limitation.txt (0.755),,,
q09,cross_subclass_probe,"I'm an international student who just graduated with a bachelor's degree from an Australian university. How long can I stay in Australia on my new visa, and what is my work-hours limit?","This describes eligibility for a Subclass 485 Temporary Graduate visa (Post-Higher Education Work stream), not a continuation of the Subclass 500. Stay is usually 2-3 years, and this stream does not carry the 48-hours-per-fortnight cap that applies to Subclass 500.",subclass_485_temporary_graduate.txt,"Congratulations on graduating! The specifics of your post-study work visa (also known as the Graduate Work Stream of the Temporary Graduate Visa) depend on several factors, including the type of visa you have been granted. Here’s a general overview:  ### Duration of Stay: - **Temporary Graduate Visa (485)**: This is typically valid for up to 2 years after your course completion date. - **Post-Study Work Stream**: You can stay in Australia and work under this visa, provided you meet the eligibility criteria.  ### Work Hours Limit: - **First 12 Months**: During the first 12 months of your visa, there are no restrictions on the number of hours or type of employment. You can work full-time (up to 40 hours per week) or part-time. - **After 12 Months**: After the initial 12-month period, you must be employed in a job that is at least equivalent to a skilled occupation listed in the Medium and Long-term Strategic Skills List (MLTSSL). You can still work full-time or part-time.  ### Additional Considerations: - **Eligibility Criteria**: Ensure that your employment meets the requirements of the visa. This includes having a valid job offer, meeting the skill level criteria, and ensuring you are not employed in an occupation that is on the Prohibited Occupations List. - **Visa Conditions**: Always check the specific conditions attached to your visa as these can vary based on individual circumstances.  ### Next Steps: 1. **Check Your Visa Confirmation Letter**: This document will provide detailed information about your visa, including the duration and work rights. 2. **Register with Services Australia**: If you haven’t already, register online or visit a Service Centre to activate your visa. 3. **Seek Employment**: Use job search platforms, networking opportunities, and career services available at universities or through local employment agencies.  If you have any specific questions about your individual circumstances or need further assistance, consider consulting with an immigration advisor or the Australian Government’s Department of Home Affairs website for up-to-date information.","You can stay in Australia under the Post-Higher Education Work stream of the Subclass 485 Temporary Graduate visa for usually between 2 and 3 years, depending on your qualification. There is no stated fortnightly work-hour cap; you can work in Australia without restriction as per the conditions attached to this visa stream.  For precise details regarding your specific case, including any individual conditions noted in your visa grant notice or VEVO (Visa Electronic Verification Online), please refer to those documents directly.",subclass_500_student.txt (0.78); subclass_485_temporary_graduate.txt (0.754); subclass_485_temporary_graduate.txt (0.743),,,
q10,refusal_required,Will my Subclass 482 visa application be approved?,Cannot be answered from these sources — this is a case-specific outcome. Should decline and refer to a registered migration agent or the Department of Home Affairs.,none,"I'm sorry, but I don't have access to your specific circumstances or the details of your application. The approval of a Subclass 482 visa depends on various factors and is determined by the Australian Government's Department of Home Affairs.  To increase your chances of approval, you should ensure that:  1. You meet all eligibility criteria for the Subclass 482 visa. 2. Your nomination or occupation is on the relevant list (e.g., MLTSSL or STSOL). 3. You have a valid job offer from an eligible employer. 4. Your skills and qualifications match the requirements of your nominated position. 5. You meet health, character, and other conditions.  If you're unsure about your application status or need guidance on how to improve it, I recommend consulting with a registered migration agent or contacting the Department of Home Affairs directly for specific advice related to your case.",That's a case-specific question — please contact a registered migration agent or the Department of Home Affairs directly.,subclass_482_skills_in_demand.txt (0.754); subclass_482_skills_in_demand.txt (0.744); subclass_482_skills_in_demand.txt (0.726),,,
q11,refusal_required,I've been offered a job that pays slightly below the Specialist Skills Income Threshold — should I take it?,Cannot be answered from these sources — this is personal/case-specific advice about an individual's circumstances. Should decline and refer to a registered migration agent.,none,"Whether to accept a job paying slightly below the Specialist Skills Income Threshold depends on several factors:  1. **Job Satisfaction**: Consider whether the role aligns with your career goals and interests. A job you enjoy can be more fulfilling than one that pays just above the threshold.  2. **Future Prospects**: Check if there are opportunities for advancement or salary increases within the organization. Sometimes, starting at a lower level can lead to better long-term prospects.  3. **Benefits Package**: Consider non-monetary benefits such as health insurance, retirement plans, vacation time, and professional development opportunities.  4. **Market Conditions**: Research the local job market and industry standards. If your skills are in high demand, you might be able to negotiate a higher salary or better terms later on.  5. **Personal Financial Situation**: Assess whether the current income is sufficient for your financial needs. If it's close but not enough, consider if you can manage with this level of pay temporarily while looking for other opportunities.  6. **Negotiation**: Sometimes, you can negotiate a higher salary or better terms during the hiring process. Be prepared to discuss your expectations and justify why you deserve more based on your experience and qualifications.  7. **Alternative Opportunities**: If there are no other suitable options available, taking this job might be necessary. However, keep an open mind for potential future opportunities that could offer a higher salary.  Ultimately, weigh all these factors carefully before making a decision. It's important to make a choice that aligns with both your short-term needs and long-term career aspirations.",That's a case-specific question — please contact a registered migration agent or the Department of Home Affairs directly.,subclass_482_skills_in_demand.txt (0.659); subclass_482_skills_in_demand.txt (0.62); subclass_482_skills_in_demand.txt (0.62),,,
q12,refusal_required,What's the weather like in Melbourne this week?,Out of scope — not covered by the visa knowledge base at all.,none,"I don't have real-time data access, so I can't provide current or future weather forecasts. However, typically for Melbourne, the weather varies throughout the year:  - **Spring (September to November):** Generally mild with temperatures ranging from 10°C to 23°C. - **Summer (December to February):** Warm and sometimes hot, with temperatures often between 18°C and 30°C, but can reach up to 40°C on some days. - **Autumn (March to May):** Similar to spring, with mild temperatures ranging from 9°C to 22°C. - **Winter (June to August):** Cool to cold, with temperatures usually between 6°C and 15°C, but can drop below freezing.  For the most accurate and up-to-date weather information for Melbourne this week, you should check a reliable weather forecasting website or app.",I don't have enough information in my sources to answer that.,whm_6_month_work_limitation.txt (0.517); subclass_417_working_holiday.txt (0.509); subclass_417_working_holiday.txt (0.508),,,
q13,answerable_direct,I'm on a Working Holiday visa doing fruit picking on a farm — do I need permission to keep working for the same farm after 8 months?,"No — plant and animal cultivation (including harvesting/packing fruit and vegetable crops) is an exempt category under condition 8547, so no permission is needed to continue past 6 months.",whm_6_month_work_limitation.txt,"In Australia, if you're on a Working Holiday Visa (subclass 417 or 462), there are specific rules regarding how long you can work and change employers. Generally, you have up to 12 months from your arrival date to work for the same employer under this visa.  If you've been working for the same farm for 8 months and wish to continue working there beyond that period, you typically do not need additional permission to keep working for the same employer. However, it's important to ensure that:  1. You are still within your 12-month stay limit from when you first entered Australia. 2. You have been employed by the same farm throughout this time and haven't worked elsewhere in between.  If you plan to work beyond 12 months or change employers, you would need to apply for a different visa category that allows longer-term employment, such as a Temporary Skill Shortage (TSS) visa (subclass 482).  Always check the latest Department of Home Affairs guidelines and consider consulting with an immigration advisor to ensure compliance with all current regulations.","For your situation, you are on a Working Holiday visa (Subclass 417), which is subject to condition 8547. The context states that you can only work for the same employer for a maximum of 6 months unless an exemption applies. Fruit picking does not fall under any of the specified exemptions provided in the document.  Therefore, you would need permission from the Department of Home Affairs to continue working for the same farm after 8 months. You should apply via the online form ""Permission to work longer than 6 months"" as described in the source document. Please note that you can continue working while awaiting a decision on your request.   For specific guidance, please contact a registered migration agent or the Department of Home Affairs directly.",whm_6_month_work_limitation.txt (0.741); whm_6_month_work_limitation.txt (0.739); whm_6_month_work_limitation.txt (0.716),,,
q14,answerable_direct,What age must I be to meet the basic age requirement for a first Subclass 417 Working Holiday visa?,"You must be 18 to 30 years old, or up to 35 years old for applicants from some countries.",subclass_417_working_holiday.txt,"To meet the basic age requirements for a first Subclass 417 Working Holiday visa, you must be between 18 and 30 years old. This age range is specified in the Australian Government's migration rules. However, it's important to check for any updates or changes to these regulations as they can occasionally be modified by the government.","To meet the basic age requirement for a first Subclass 417 Working Holiday visa, you must be between 18 and 30 years old. This applies unless you are from one of the specified countries where the upper age limit is 35 years old. Source: subclass_417_working_holiday.txt",subclass_417_working_holiday.txt (0.9); subclass_417_working_holiday.txt (0.786); subclass_417_working_holiday.txt (0.782),,,
q15,answerable_direct,What passport requirement applies to a Subclass 417 Working Holiday visa applicant?,The applicant must have a passport from an eligible country or jurisdiction.,subclass_417_working_holiday.txt,"For a Subclass 417 Working Holiday visa applicant in Australia, there is a specific passport requirement:  The applicant must hold a passport or other travel document that has at least six months' validity from the date of entry into Australia. This means that when you arrive in Australia with your working holiday visa, your passport should not expire within the next six months.  Additionally, while not strictly a passport requirement, it's important to note that most nationalities need a visa to enter Australia, and this can often be applied for through an eVisitor or other visa application process before traveling. However, the Subclass 417 Working Holiday visa itself is granted upon arrival in Australia, provided you meet all eligibility criteria.  Always check the latest Australian Government Department of Home Affairs guidelines for any updates or changes to these requirements.",The passport requirement for a Subclass 417 Working Holiday visa applicant is that they must have a passport from an eligible country or jurisdiction. [Source: subclass_417_working_holiday.txt],subclass_417_working_holiday.txt (0.855); subclass_417_working_holiday.txt (0.806); subclass_417_working_holiday.txt (0.802),,,
q16,answerable_direct,Can dependent children accompany me when I apply for a Subclass 417 Working Holiday visa?,No. A basic eligibility requirement is that the applicant must not be accompanied by dependent children.,subclass_417_working_holiday.txt,"For a Subclass 417 Working Holiday visa, typically only the adult applicant is eligible to apply. Dependent children are not permitted under this visa category.  The Subclass 417 Working Holiday visa is designed for individuals aged between 18 and 30 (with some exceptions) who wish to work and travel in Australia for up to 12 months. It does not include provisions for bringing dependent family members, such as children or partners.  If you are planning a trip with your dependents, you might want to consider other visa options that allow for family travel, such as the Subclass 457 Temporary Work (Skilled) visa or the Subclass 444 Holiday Maker visa. However, these options have different eligibility criteria and requirements.  Always check the latest information from the Australian Government's Department of Home Affairs website to ensure you have the most up-to-date and accurate guidance.","No, dependent children cannot accompany you when applying for a Subclass 417 Working Holiday visa. According to the basic eligibility criteria stated in subclass_417_working_holiday.txt, ""Must not be accompanied by dependent children.""",subclass_417_working_holiday.txt (0.828); subclass_417_working_holiday.txt (0.767); subclass_417_working_holiday.txt (0.758),,,
q17,answerable_direct,Can I work in Australia on my first Subclass 417 Working Holiday visa?,"Yes. A first Subclass 417 Working Holiday visa allows you to work while you are in Australia, subject to condition 8547's same-employer limitation unless an exemption applies.",subclass_417_working_holiday.txt,"Yes, you can work in Australia while holding a Subclass 417 Working Holiday Maker visa. This visa allows you to work and travel in Australia for up to 12 months (or up to 30 months if you are from certain eligible countries). However, there are some important points to consider:  1. **Employment Restrictions**: You can only work for one employer at a time under this visa.  2. **Working Hours**: There is no specific limit on the number of hours you can work per week or month, but you must comply with Australian workplace laws and conditions.  3. **Job Offer Requirement**: While you don't need to have a job offer before arriving in Australia, you will need to provide evidence that you are employed within 90 days of starting your employment.  4. **Record Keeping**: You should keep records of your employment details for at least two years after the visa expires or is cancelled.  5. **Visa Expiry**: If you plan to work and stay in Australia longer than the initial 12 months, you may need to apply for an extension under a different visa category.  6. **Eligibility**: Ensure that your home country is on the list of eligible countries for this visa. The eligibility criteria can change, so it's always good to check the latest information from the Department of Home Affairs.  Remember to familiarize yourself with all the terms and conditions associated with the Subclass 417 visa before you travel to Australia.","Yes, you can work in Australia on your first Subclass 417 Working Holiday visa. This is stated directly in the source document for subclass 417 working holiday visa, which notes that holders of a first Working Holiday visa ""can work while you are here."" Source: [subclass_417_working_holiday.txt]",subclass_417_working_holiday.txt (0.893); subclass_417_working_holiday.txt (0.89); subclass_417_working_holiday.txt (0.881),,,
q18,answerable_direct,Can a first Subclass 417 Working Holiday visa holder apply for a second Working Holiday visa?,"Yes, if the holder meets the eligibility criteria for a second Working Holiday visa.",subclass_417_working_holiday.txt,"Yes, a first Subclass 417 Working Holiday visa holder may be eligible to apply for a second Working Holiday visa (Subclass 417), but there are important conditions and considerations:  1. **Age Limit**: You must be between 18 and 30 years old at the time of application.  2. **Stay Period**: You cannot stay in Australia under a Subclass 417 visa for more than one year, regardless of how many times you have entered or exited the country during that period.  3. **Eligibility**: If you have already used your Working Holiday visa entitlement and are no longer eligible due to age (turning 31), you will not be able to apply again.  4. **Application Process**: You can only apply for a second Subclass 417 visa after leaving Australia, as it is an entry permit rather than an onshore application.  5. **Waiting Period**: There is no specific waiting period required between the first and subsequent applications, but you must meet all eligibility criteria at the time of your application.  6. **Renewal**: If you have already used your Working Holiday visa entitlement and are over 30, you cannot apply for a second one under this category.  It's important to check the latest immigration policies and guidelines from the Australian Government Department of Home Affairs, as these can change. Consulting with an immigration advisor or official source is recommended before applying.","Yes, a first Subclass 417 Working Holiday visa holder can apply for a second Working Holiday visa if they meet certain eligibility criteria. The subclass 417 visa information states that holders of the first Working Holiday visa can apply for a second Working Holiday visa under specific conditions.",subclass_417_working_holiday.txt (0.873); subclass_417_working_holiday.txt (0.854); subclass_417_working_holiday.txt (0.826),,,
q19,answerable_direct,"How long is a first Subclass 417 Working Holiday visa, and what does it cost?",The stay is 12 months and the cost is AUD840.00.,subclass_417_working_holiday.txt,"A First Subclass 417 Working Holiday visa in Australia typically allows for a stay of up to one year (12 months). The cost varies depending on the applicant's age:  - For applicants aged 18-25 years: AUD $360 - For applicants aged 26-30 years: AUD $410 - For applicants aged 31 and over: AUD $460  It's important to note that these costs are subject to change, so it's always a good idea to check the latest information on the official Australian Government Department of Home Affairs website or contact them directly for the most current details.",A first Subclass 417 Working Holiday visa allows for a stay of 12 months and costs AUD840.00. Source: subclass_417_working_holiday.txt,subclass_417_working_holiday.txt (0.868); subclass_417_working_holiday.txt (0.849); subclass_417_working_holiday.txt (0.842),,,
q20,answerable_direct,Who is the second Subclass 417 Working Holiday visa intended for?,"It is for people who currently hold, or have previously held, a Working Holiday visa.",subclass_417_working_holiday.txt,"The Second Subclass 417 Working Holiday visa in Australia is specifically intended for citizens of eligible countries who wish to work and travel in Australia for a limited period. This subclass is not typically categorized by ""Subclass 417"" but rather refers to the second category within the broader Working Holiday Maker program.  This visa is designed for young people aged between 18 and 30 (with some exceptions) from certain eligible countries who want to work and travel in Australia. The primary purpose of this visa is to allow individuals to gain practical experience, explore Australian culture, and contribute to the economy through temporary employment.  The second category within this program often refers to those who are coming for a second Working Holiday period after their first one has expired. However, it's important to note that there are strict eligibility criteria and limits on how many times an individual can use this visa type.  For detailed information, you should refer to the official Australian Government Department of Home Affairs website or consult with an immigration advisor.","The second Subclass 417 Working Holiday visa is intended for people who currently hold, or have held, a Working Holiday visa. This allows individuals to extend their stay and continue working in Australia under certain conditions. Source: subclass_417_working_holiday.txt",subclass_417_working_holiday.txt (0.841); subclass_417_working_holiday.txt (0.831); subclass_417_working_holiday.txt (0.828),,,
q21,answerable_direct,What kind of work can I do on a second Subclass 417 Working Holiday visa?,"You can do any kind of work while in Australia, but condition 8547 generally limits work with the same employer to 6 months unless an exemption applies. Eligibility for this second visa requires 3 months of specified Subclass 417 work.",subclass_417_working_holiday.txt,"With a Second Subclass 417 Working Holiday Visa, you have limited work rights in Australia. Here are some key points to consider:  1. **Limited Work Rights**: You are allowed to engage in casual or part-time employment for up to 24 months from the date of your visa grant.  2. **Types of Employment**: The types of work you can do include:    - Casual jobs    - Part-time positions    - Freelance or contract roles  3. **No Full-Time Employment**: You cannot engage in full-time employment, which means working more than 38 hours per week on a permanent basis.  4. **Self-Employment**: While you can work for yourself (e.g., as an independent contractor), it's important to ensure that your activities comply with Australian tax and immigration laws.  5. **No Business Ownership**: You are not allowed to own or manage a business while on this visa.  6. **Change of Employer**: If you change employers, you must inform the Department of Home Affairs within 14 days.  7. **Compliance**: Ensure that any work you do complies with Australian workplace laws and regulations.  8. **Travel Flexibility**: You can travel in and out of Australia during your visa validity period while working under this arrangement.  It's always a good idea to check the latest Department of Home Affairs guidelines or consult with an immigration advisor for specific advice, as policies may change.","On a second Subclass 417 Working Holiday visa, you can do any kind of work while you are in Australia. This is according to the rules for subclass 417 visas as stated in the provided context.",subclass_417_working_holiday.txt (0.847); subclass_417_working_holiday.txt (0.84); subclass_417_working_holiday.txt (0.824),,,
q22,answerable_direct,How much specified Subclass 417 work must I complete for a second Working Holiday visa?,You must have completed 3 months of specified Subclass 417 work.,subclass_417_working_holiday.txt,"To apply for a second Working Holiday visa in Australia, there is no specific requirement to have completed a certain amount of ""Subclass 417"" work. The primary eligibility criteria for a second Working Holiday visa (subclass 417) include:  1. Being between the ages of 18 and 30 at the time of application. 2. Having worked in Australia under a subclass 417 visa for less than one year within the last four years. 3. Holding a valid passport from certain eligible countries. 4. Meeting health, character, and other general requirements.  The focus is more on meeting these criteria rather than completing a specific amount of work. However, having relevant work experience can be beneficial when applying for jobs or demonstrating your skills in Australia.  If you're planning to apply for a second Working Holiday visa, it's advisable to check the latest Department of Home Affairs guidelines and consider consulting with an immigration advisor for personalized advice.",You must have completed 3 months of specified subclass 417 work to apply for a second Working Holiday visa. This information is sourced from the document related to subclass 417 Working Holiday visa rules.,subclass_417_working_holiday.txt (0.862); subclass_417_working_holiday.txt (0.851); subclass_417_working_holiday.txt (0.851),,,
q23,answerable_direct,"If I apply in Australia for a second Subclass 417 Working Holiday visa, what current or recent visa status must I have?","You must hold a substantive visa, or your last substantive visa must have expired less than 28 days ago.",subclass_417_working_holiday.txt,"To apply for a second Subclass 417 Working Holiday Visa in Australia, you generally need to meet certain criteria regarding your previous visa status. Here are the key points:  1. **Previous Visas**: You cannot hold another working holiday visa (Subclass 417) or any other subclass that allows work rights at the same time as a Subclass 417 visa.  2. **Time Outside Australia**: You must have been outside of Australia for at least 12 months before applying for a second Subclass 417 visa. This is to ensure you are not overstaying your previous working holiday visa.  3. **No Recent Overstay**: You should not have overstayed any Australian visa in the past three years, including the current or most recent visa.  4. **Eligibility Criteria**: Ensure that you meet all other eligibility criteria for a Subclass 417 visa, such as being between 18 and 30 years old (or up to 35 if you are from New Zealand), having sufficient funds, and meeting health and character requirements.  It's important to check the latest Department of Home Affairs guidelines or consult with an immigration advisor for any updates or specific details that may affect your application. The rules can change, so it’s always a good idea to verify the current requirements directly from official sources.","If you apply in Australia for a second Subclass 417 Working Holiday visa, you must currently hold a substantive visa or your last substantive visa must have expired less than 28 days ago. This requirement is stated in the context provided for Subclass 417 visas.",subclass_417_working_holiday.txt (0.87); subclass_417_working_holiday.txt (0.841); subclass_417_working_holiday.txt (0.834),,,
q24,answerable_direct,Can a second Subclass 417 Working Holiday visa holder apply for a third Working Holiday visa?,"Yes, if the holder meets the eligibility criteria for a third Working Holiday visa.",subclass_417_working_holiday.txt,"A person who has already held a Subclass 417 Working Holiday visa cannot generally apply for another Subclass 417 visa. The Australian Government's Department of Home Affairs states that the Working Holiday Maker program is designed to be a one-time opportunity, and individuals are only eligible to participate once in their lifetime.  However, there are some exceptions or alternative pathways:  1. **Subclass 462 Temporary Graduate Visa**: If you have completed an eligible course of study (usually at least six months) after your Working Holiday visa expired, you may be able to apply for a Subclass 462 Temporary Graduate visa. This can allow you to stay in Australia for up to four years.  2. **Other Visa Classes**: You might consider other temporary or permanent visa classes that better suit your circumstances and goals. For example:    - **Subclass 457 Business Talent (Temporary) Visa** if you are employed by a business.    - **Subclass 186 Employer Nomination Scheme (ENS)** for skilled workers nominated by an Australian employer.    - **Subclass 187 Regional Sponsored Migration Scheme (RSMS)** if you are willing to work in regional areas.  It's important to consult the latest visa requirements and eligibility criteria directly from the Department of Home Affairs or seek advice from a registered migration agent. They can provide personalized guidance based on your specific situation.","Yes, a second Subclass 417 Working Holiday visa holder can apply for a third Working Holiday visa if they meet certain eligibility criteria. This information is stated directly in the context provided under [Subclass 417 — Working Holiday visa] Third Working Holiday visa section.",subclass_417_working_holiday.txt (0.854); subclass_417_working_holiday.txt (0.853); subclass_417_working_holiday.txt (0.822),,,
q25,answerable_direct,"After completing the required specified work, how long is a second Subclass 417 Working Holiday visa, and what does it cost?","After the required 3 months of specified Subclass 417 work, the second visa provides a 12-month stay and costs AUD1,000.00.",subclass_417_working_holiday.txt,"A Second Subclass 417 Working Holiday visa in Australia allows individuals to work and travel for up to 12 months after completing their initial specified work. This means that if you complete the required specified work as outlined by the Australian government, you can then apply for a second working holiday visa valid for another 12 months.  The cost of applying for a Second Subclass 417 Working Holiday visa varies depending on your country of citizenship and whether you are applying from within or outside Australia. As of my last update in October 2023, the application fees were:  - **$560 AUD** if you are an Australian citizen, New Zealand citizen, or a citizen of a Recognised Seasonal Employer (RSE) Scheme country. - **$1,940 AUD** for most other citizens applying from outside Australia.  If you are already in Australia and wish to apply for the second visa while still here, the fee is:  - **$560 AUD** if you are an Australian citizen, New Zealand citizen, or a citizen of a Recognised Seasonal Employer (RSE) Scheme country. - **$1,940 AUD** for most other citizens.  It's important to check the official Department of Home Affairs website for any updates on fees and application processes, as they can change. Additionally, you should ensure that you meet all eligibility criteria before applying for this visa.","A second Subclass 417 Working Holiday visa allows you to stay for 12 months. The cost of this visa is AUD1,000.00. This information applies to subclass 417 visas as detailed in the provided context.",subclass_417_working_holiday.txt (0.882); subclass_417_working_holiday.txt (0.875); subclass_417_working_holiday.txt (0.868),,,
q26,answerable_direct,Who is the third Subclass 417 Working Holiday visa intended for?,"It is for people who currently hold, or have previously held, a second Working Holiday visa.",subclass_417_working_holiday.txt,"The Third Subclass 417 Working Holiday visa in Australia is specifically intended for citizens of eligible countries who wish to work and travel in Australia for a limited period. This subclass is not typically categorized by ""Subclass 417"" but rather refers to the third category within the broader Working Holiday Maker program.  This visa is primarily aimed at young people aged between 18 and 30 (with some exceptions) from certain countries, allowing them to work and travel in Australia for up to 12 months. The specific categories or subclasses can vary over time, but generally include:  1. First Subclass: Citizens of eligible countries who are under the age of 30. 2. Second Subclass: Citizens of eligible countries who are aged between 30 and 35 (with some exceptions). 3. Third Subclass: Citizens of certain other eligible countries who may be older than 30.  It's important to note that eligibility criteria, including age limits and the list of eligible countries, can change. For the most accurate and up-to-date information, you should refer to the official Australian Government Department of Home Affairs website or consult with an immigration advisor.","The third Subclass 417 Working Holiday visa is intended for people who currently hold, or have held, a second Working Holiday visa. [Source: subclass_417_working_holiday.txt]",subclass_417_working_holiday.txt (0.834); subclass_417_working_holiday.txt (0.828); subclass_417_working_holiday.txt (0.824),,,
q27,answerable_direct,What kind of work can I do on a third Subclass 417 Working Holiday visa?,"You can do any kind of work while in Australia, but condition 8547 generally limits work with the same employer to 6 months unless an exemption applies. Eligibility for this third visa requires 6 months of specified Subclass 417 work.",subclass_417_working_holiday.txt,"A Third Subclass 417 Working Holiday Maker Visa in Australia allows you to engage in various types of work, but there are some restrictions and conditions you should be aware of:  1. **Duration**: You can stay for up to 12 months on this visa.  2. **Types of Work**:    - You can work in any industry or occupation that is not specifically excluded by the Australian government.    - This includes both casual and permanent positions, as well as part-time employment.  3. **Exclusions**: Certain types of work are generally not allowed under a 417 visa, including:    - Work on an offshore oil or gas rig    - Work in the maritime industry (such as fishing)    - Work in agriculture, horticulture, viticulture, or aquaculture  4. **Employment Restrictions**: You cannot work for more than one employer at a time without special permission from the Department of Home Affairs.  5. **Self-Employment**: While you can start your own business while on this visa, there are specific requirements and limitations that apply.  6. **Seasonal Work**: If you're working in agriculture or related industries, you may be subject to additional conditions regarding seasonal work.  7. **Change of Employer**: You cannot change employers without approval from the Department of Home Affairs.  8. **Working Hours**: There is no specific limit on the number of hours you can work per week, but you must comply with Australian workplace laws and regulations.  9. **Travel**: While you are allowed to travel within Australia during your stay, you should ensure that any changes in employment or travel plans do not affect your visa status.  It's important to check the latest guidelines from the Department of Home Affairs as policies can change, and there may be additional requirements or restrictions depending on when you obtained your visa. Always consult official sources for the most accurate information.","On a third Subclass 417 Working Holiday visa, you can do any kind of work while you are in Australia. This is stated directly in the source document for subclass 417 Working Holiday visa regarding the third visa category.",subclass_417_working_holiday.txt (0.837); subclass_417_working_holiday.txt (0.826); subclass_417_working_holiday.txt (0.822),,,
q28,answerable_direct,"If I apply in Australia for a third Subclass 417 Working Holiday visa, what current or recent visa status must I have?","You must hold a substantive visa, or your last substantive visa must have expired less than 28 days ago.",subclass_417_working_holiday.txt,"To apply for a third Subclass 417 Working Holiday Visa in Australia, you generally need to meet certain criteria regarding your previous visa statuses. Here are the key points:  1. **Previous Visas**: You can only apply for a new Subclass 417 visa if you have not held or been granted a Subclass 417 visa within the last 12 months.  2. **Other Visa Types**: If you have held other temporary visas in Australia, such as a Subclass 457, 482, or 494 visa, these do not affect your eligibility for a Subclass 417 visa, provided they were not granted within the last 12 months.  3. **Time Outside Australia**: You must have been outside of Australia for at least three months before applying for a new Subclass 417 visa. This is to ensure that you do not breach the conditions of your previous visa.  It's important to note that these rules can change, so it's always best to check the latest information directly from the Australian Government's Department of Home Affairs website or consult with an immigration advisor.","If you apply in Australia for a third Subclass 417 Working Holiday visa, you must currently hold, or have held, a second Subclass 417 Working Holiday visa. This is stated in the context provided under ""Third Working Holiday visa"" which specifies eligibility criteria include ""For people who currently hold, or have held, a second Working Holiday visa.""",subclass_417_working_holiday.txt (0.864); subclass_417_working_holiday.txt (0.831); subclass_417_working_holiday.txt (0.819),,,
q29,answerable_direct,"After completing the required specified work, how long is a third Subclass 417 Working Holiday visa, and what does it cost?","After the required 6 months of specified Subclass 417 work, the third visa provides a 12-month stay and costs AUD1,000.00.",subclass_417_working_holiday.txt,"A Subclass 417 Working Holiday visa in Australia typically allows for up to one year of employment after completing your initial working holiday period. However, the exact duration can vary based on when you entered Australia under a different subclass (such assubclass 417 or another temporary work visa) and how long you have already stayed.  The cost of applying for a Subclass 417 Working Holiday visa varies depending on several factors, including your country of citizenship. As of the latest updates:  - For citizens of certain countries (e.g., United Kingdom, Ireland, New Zealand), the application fee is around AUD $205. - For other eligible countries, the fee can be higher, typically around AUD $345.  It's important to check the most current fees on the official Australian Government Department of Home Affairs website or contact them directly for the latest information. Additionally, there may be additional costs such as biometric charges and health checks that are not included in the application fee.  Always ensure you meet all eligibility criteria before applying and consider consulting with a migration agent if needed to navigate the process effectively.","A third Subclass 417 Working Holiday visa allows for a stay of 12 months and costs AUD1,000.00. This information is sourced from the subclass_417_working_holiday.txt document.",subclass_417_working_holiday.txt (0.869); subclass_417_working_holiday.txt (0.866); subclass_417_working_holiday.txt (0.854),,,
q30,answerable_direct,What is the purpose of the Subclass 482 Skills in Demand visa?,It lets an employer sponsor a suitably skilled worker for a position when the employer cannot find a suitably skilled Australian to fill it.,subclass_482_skills_in_demand.txt,"The Subclass 482 Temporary Skill Shortage (TSS) visa, formerly known as the 457 visa, is designed to address skill shortages in Australia by allowing employers to hire foreign workers for roles where suitable Australian workers cannot be found. The purpose of this visa includes:  1. **Addressing Skill Shortages**: It helps fill critical skills gaps in various industries and occupations that are experiencing labor shortages.  2. **Employer Obligations**: Employers must demonstrate a genuine need for the position, provide evidence of advertising locally, and ensure they have taken all reasonable steps to recruit Australian or New Zealand citizens or permanent residents before applying for this visa.  3. **Temporary Nature**: The visa is temporary, allowing foreign workers to stay in Australia for up to four years (with extensions available) while their employer attempts to find a suitable local candidate.  4. **Post-Employment Pathways**: Successful applicants may be eligible to apply for permanent residency under other migration programs after meeting certain criteria.  5. **Economic Contribution**: By bringing in skilled workers, it contributes to Australia's economic growth and helps maintain its competitive edge in various sectors.  6. **Workforce Development**: It can also support the development of local skills through mentoring and training provided by foreign workers.  Overall, the Subclass 482 visa aims to balance addressing immediate workforce needs with supporting long-term Australian workforce development strategies.",The purpose of the Subclass 482 Skills in Demand visa is to allow an employer to sponsor a suitably skilled worker to fill a position they cannot find a suitably skilled Australian to fill. This visa is employer-sponsored and not a study-pathway visa. Source: subclass_482_skills_in_demand.txt,subclass_482_skills_in_demand.txt (0.856); subclass_482_skills_in_demand.txt (0.831); subclass_482_skills_in_demand.txt (0.823),,,
q31,answerable_direct,Who must nominate an applicant for a skilled position under Subclass 482?,The applicant must be nominated for a skilled position by an approved sponsor.,subclass_482_skills_in_demand.txt,"For a skilled position under Subclass 482 of the Australian visa program, the nomination must be made by an eligible sponsor. This typically includes:  1. **Australian employers**: Companies or organizations based in Australia that are willing to employ and sponsor the applicant for the nominated position.  2. **State or Territory governments**: Some states and territories in Australia have programs where they can nominate individuals for certain occupations, particularly in regional areas.  3. **Certain universities**: In some cases, Australian universities may be eligible to act as sponsors for specific positions related to research or teaching roles.  The nomination process involves the sponsor assessing the applicant's qualifications, experience, and suitability for the position. Once a successful nomination is made, the nominated individual can then apply for the Subclass 482 visa to work in Australia temporarily under that skilled occupation.",An approved sponsor must nominate an applicant for a skilled position under Subclass 482. [Source: subclass_482_skills_in_demand.txt],subclass_482_skills_in_demand.txt (0.803); subclass_482_skills_in_demand.txt (0.745); subclass_482_skills_in_demand.txt (0.718),,,
q32,answerable_direct,What job-skills requirement must a Subclass 482 applicant meet?,The applicant must have the right skills to do the nominated job.,subclass_482_skills_in_demand.txt,"For an Australian Subclass 482 Temporary Skill Shortage (TSS) visa, applicants must meet specific job skill requirements set by the Australian Government. Here are some key points:  1. **Occupational Requirements**: The position offered must be on the Medium or Long-term Strategic Skills List (MLTSSL). This list is regularly updated and can be found on the Department of Home Affairs website.  2. **Skill Level**: The occupation must meet one of the following skill levels:    - Skill Level 1: Highly Skilled    - Skill Level 2: Skilled  3. **Job Offer**: There must be a valid job offer from an Australian employer that meets the requirements for the position, including salary and working conditions.  4. **Skills Assessment**: For some occupations, applicants may need to provide evidence of their skills through a relevant professional association or organization. This is known as a skills assessment.  5. **English Language Proficiency**: Applicants must meet the English language proficiency requirements unless they are exempt.  6. **Work Experience**: Depending on the occupation and skill level, there might be specific work experience requirements that need to be met.  7. **Health and Character Requirements**: The applicant must also satisfy health and character criteria as part of the visa application process.  It's important for applicants to carefully review the Department of Home Affairs guidelines and consult with a migration agent or lawyer if they have any doubts about meeting these requirements.",A Subclass 482 applicant must have the right skills to do the job. [Source: subclass_482_skills_in_demand.txt],subclass_482_skills_in_demand.txt (0.819); subclass_482_skills_in_demand.txt (0.748); subclass_482_skills_in_demand.txt (0.733),,,
q33,answerable_direct,Does a Subclass 482 applicant have to meet an English-language requirement?,Yes. The applicant must meet the relevant English-language requirements.,subclass_482_skills_in_demand.txt,"Yes, a Subclass 482 Temporary Skill Shortage (TSS) visa applicant does need to meet certain English language requirements in some cases. The specific requirements depend on the occupation listed on your nomination or application.  Here are the key points:  1. **Occupations with English Language Requirements**: For occupations that have an English language requirement, you must demonstrate that you can speak, read, and write English at a satisfactory level. This is typically assessed through standardized tests like IELTS (International English Language Testing System).  2. **Exemptions**: There are some exemptions from the English language requirements for certain groups of people, such as:    - People who have completed secondary education in an English-speaking country.    - People with a degree or diploma from an Australian institution.  3. **Occupations Without Specific Requirements**: For occupations that do not specify an English language requirement, you may be exempted from providing evidence of your English proficiency.  4. **Medical Practitioners and Lawyers**: If you are applying for certain medical practitioner or legal roles, there might be additional specific requirements related to English language proficiency.  It's important to check the specific occupation details on your nomination or application form to determine if an English language requirement applies. Always refer to the latest Department of Home Affairs guidelines or consult with a migration agent or lawyer for detailed advice tailored to your situation.","Yes, a Subclass 482 applicant must meet the relevant English language requirements. [Source: subclass_482_skills_in_demand.txt]",subclass_482_skills_in_demand.txt (0.77); subclass_482_skills_in_demand.txt (0.696); subclass_482_skills_in_demand.txt (0.69),,,
q34,answerable_direct,What occupation-list requirement applies to the Subclass 482 Core Skills stream?,The occupation must be on the Core Skills Occupation List; the stream is used where an employer cannot source an appropriately skilled Australian worker.,subclass_482_skills_in_demand.txt,"The Subclass 482 Temporary Skill Shortage (TSS) visa in Australia, including its Core Skills stream, has specific requirements for occupations listed on the Medium and Long-term Strategic Skills List (MLTSSL). Here are some key points regarding occupation-list requirements:  1. **Occupation Listing**: The occupation must be included on the MLTSSL or STSLL (Short-Term Strategic Skills List) at the time of application.  2. **Skill Level**: The occupation must meet a certain skill level, typically ANZSCO Skill Level 3 or 4, which corresponds to skilled occupations in Australia's labor market.  3. **Job Offer**: There needs to be a valid job offer from an Australian employer that matches the listed occupation and meets other criteria such as salary requirements.  4. **Duration of Stay**: The visa allows for up to four years of stay in Australia, with the possibility of extensions under certain conditions.  5. **Eligibility Criteria**: Applicants must meet all other eligibility criteria, including health, character, and language proficiency requirements.  It's important to note that the MLTSSL is regularly updated by the Australian Government based on labor market needs, so it's crucial to check the current list for accurate information. If you're considering applying under this stream, consulting the latest official sources or seeking advice from a migration agent would be advisable.",The occupation must be on the Core Skills Occupation List for the Subclass 482 Core Skills stream. [Source: subclass_482_skills_in_demand.txt],subclass_482_skills_in_demand.txt (0.723); subclass_482_skills_in_demand.txt (0.707); subclass_482_skills_in_demand.txt (0.697),,,
q35,answerable_direct,What are the starting cost and maximum stay for a Subclass 482 Core Skills stream visa?,"The cost starts from AUD4,015.00, with concessions in limited circumstances. The stay is up to 4 years, or up to 5 years for Hong Kong passport holders.",subclass_482_skills_in_demand.txt,"The Starting Cost and Maximum Stay for a Subclass 482 Core Skills stream visa in Australia can vary, so it's important to check the most current information from official sources like the Department of Home Affairs. As of my last update:  1. **Starting Cost**: The application fee for a Subclass 482 visa can range between AUD $530 and AUD $675 depending on whether you are an Australian citizen, permanent resident, or a non-citizen. These fees are subject to change.  2. **Maximum Stay**: The maximum initial stay under the Core Skills stream of the Subclass 482 visa is typically 4 years and 5 months (or up to 3 years for certain occupations). This can be extended by another 3 years, making a total maximum stay of 7 years and 5 months.  For the most accurate and up-to-date information, please refer to the official Australian Government Department of Home Affairs website or contact their customer service directly.","The starting cost for a Subclass 482 Core Skills stream visa is from AUD4,015.00, with concessions applying in limited circumstances. The maximum stay under this visa is up to 4 years, with Hong Kong passport holders having an extended period of up to 5 years. Source: [Subclass 482 — Skills in Demand visa] Core Skills stream.",subclass_482_skills_in_demand.txt (0.803); subclass_482_skills_in_demand.txt (0.78); subclass_482_skills_in_demand.txt (0.756),,,
q36,answerable_direct,Which occupations and salary condition apply to the Subclass 482 Specialist Skills stream?,"The occupation must be an ANZSCO occupation in Major Group 1, 2, 4, 5 or 6, and the nominated salary must meet the Specialist Skills Income Threshold.",subclass_482_skills_in_demand.txt,"The Subclass 482 Temporary Skill Shortage (TSS) visa in Australia is designed for skilled workers who are needed temporarily by Australian employers due to a shortage of local workers. The Specialist Skills stream under this visa category typically applies to occupations that require highly specialized skills and knowledge, often at the senior or expert level.  ### Occupations Eligible for Subclass 482: The occupations eligible for the Subclass 482 Specialist Skills stream are those listed in the Medium and Long-term Strategic Skills List (MLTSSL) maintained by the Australian Government. These occupations generally require a high level of expertise, often involving advanced qualifications or significant work experience.  ### Salary Conditions: For the Subclass 482 visa, there are specific salary requirements that must be met based on the occupation:  1. **Minimum Salary**: The applicant must earn at least the relevant Temporary Skill Shortage (TSS) Visa Minimum Wage (TSWMW). This is calculated as a percentage of the applicable Modern Award or Enterprise Agreement wage rate for the occupation in question.  2. **Above-Average Salaries**: For occupations where there are no specific Modern Awards or Enterprise Agreements, the minimum salary requirement is typically set at 150% of the relevant Australian Average Weekly Earnings (AAWE).  3. **Special Cases**: In some cases, if a job offer is for an occupation not listed in the MLTSSL but still requires highly specialized skills, the Department of Home Affairs may consider it on a case-by-case basis.  ### Example: - For an occupation like ""Electrical Engineer"" that has a relevant Modern Award, the TSWMW might be 130% of the award rate. - If there is no applicable Modern Award, the minimum salary could be 150% of the AAWE for that occupation.  It's important to note that these requirements can change over time, and specific details should always be verified with the latest Department of Home Affairs guidelines or a migration agent.  ### Additional Considerations: - **Job Offer**: A valid job offer from an Australian employer is required. - **Skills Assessment**: Depending on the occupation, you may need to undergo a skills assessment by an approved organization. - **Work Agreement**: The job must be in line with the requirements of the TSS visa and cannot be casual or part-time unless specifically allowed.  For detailed information, it's advisable to consult the official Department of Home Affairs website or seek advice from a registered migration agent.","For the Subclass 482 Specialist Skills stream, the occupation must be an ANZSCO occupation in Major Groups 1, 2, 4, 5 or 6, and the nominated salary must meet the Specialist Skills Income Threshold. [Source: subclass_482_skills_in_demand.txt]",subclass_482_skills_in_demand.txt (0.768); subclass_482_skills_in_demand.txt (0.763); subclass_482_skills_in_demand.txt (0.75),,,
q37,answerable_direct,"For an occupation that meets the Specialist Skills stream conditions, what are the Subclass 482 starting cost and maximum stay?","For an eligible ANZSCO Major Group occupation whose salary meets the Specialist Skills Income Threshold, the cost starts from AUD4,015.00 with limited concessions. The stay is up to 4 years, or up to 5 years for Hong Kong passport holders.",subclass_482_skills_in_demand.txt,"For occupations that meet the Specialist Skills (Stream) conditions under the Temporary Skill Shortage (TSS) visa (Subclass 482), the starting cost is generally AUD 30,000. This cost must be paid to the Australian Government before a nomination can be issued.  Regarding the maximum stay, the initial period of stay for a Subclass 482 visa under the Specialist Skills stream is typically up to four years. However, this can be extended by up to three additional periods of two years each, provided certain conditions are met and the occupation remains in short supply. Therefore, the total potential stay on a Subclass 482 visa could be up to eight years.  It's important to note that these details may change, so it would be advisable to check the latest information from the Department of Home Affairs or consult with an immigration specialist for the most current and accurate guidance.","For an occupation that meets the Specialist Skills stream conditions, the starting cost for a Subclass 482 visa is from AUD4,015.00 (with concessions applying in limited circumstances). The maximum stay under this subclass is up to 4 years, with Hong Kong passport holders allowed up to 5 years. Source: [subclass_482_skills_in_demand.txt]",subclass_482_skills_in_demand.txt (0.78); subclass_482_skills_in_demand.txt (0.777); subclass_482_skills_in_demand.txt (0.742),,,
q38,answerable_direct,What are the starting cost and maximum stay for a Subclass 482 Labour Agreement stream visa?,"The cost starts from AUD4,015.00, with concessions in limited circumstances. The stay is up to 4 years depending on the labour agreement's terms, or up to 5 years for Hong Kong passport holders.",subclass_482_skills_in_demand.txt,"The Starting Cost and Maximum Stay for a Subclass 482 Labour Agreement Stream Visa in Australia are as follows:  1. **Starting Cost**: The application fee for a Subclass 482 visa can vary, but it is currently around AUD $530 (as of the latest update). This fee may change, so it's best to check the official Australian Government Department of Home Affairs website for the most current fees.  2. **Maximum Stay**: The maximum stay under a Subclass 482 visa depends on the type of Labour Agreement:    - For a Temporary Skill Shortage (TSS) Labour Agreement: The maximum initial stay is typically 3 years, with an option to extend this by up to 1 year.    - For a Permanent Labour Agreement: The maximum initial stay can be up to 4 years, and there are no extensions available.  It's important to note that these details can change based on government policies. Always refer to the official Australian Government Department of Home Affairs website for the most accurate and up-to-date information.","The starting cost for a Subclass 482 Labour Agreement stream visa is from AUD4,015.00, with concessions applying in limited circumstances. The maximum stay can be up to a maximum of 4 years, depending on the terms of the labour agreement (Hong Kong passport holders up to 5 years). Source: subclass_482_skills_in_demand.txt",subclass_482_skills_in_demand.txt (0.815); subclass_482_skills_in_demand.txt (0.803); subclass_482_skills_in_demand.txt (0.754),,,
q39,answerable_direct,"How long can a Subclass 482 subsequent entrant stay, and what is the starting cost?","A subsequent entrant can stay as long as the visa is valid. The cost starts from AUD4,015.00, with concessions applying in limited circumstances.",subclass_482_skills_in_demand.txt,"The Subclass 482 visa in Australia allows skilled workers to work temporarily for an employer who has demonstrated a genuine need for their skills. The duration of stay under this visa depends on several factors:  1. **Initial Visa Duration**: The initial grant period can vary, but it is typically between 3 and 5 years. 2. **Renewal**: After the initial period, you may be eligible to renew your Subclass 482 visa for up to an additional 3 years.  The starting cost of obtaining a Subclass 482 visa can vary depending on several factors:  1. **Application Fees**: The application fee is currently AUD $5,600 (as of 2023), but this can change. 2. **Legal and Consulting Costs**: These costs can range widely based on the complexity of your case, the legal or consulting firm you use, and any additional services required.  It's important to note that these costs are subject to change, so it's advisable to check the latest information from the Department of Home Affairs or a registered migration agent.","A Subclass 482 subsequent entrant can stay as long as the visa is valid. The starting cost is AUD4,015.00 (concessions apply in limited circumstances). This information is sourced from the subclass_482_skills_in_demand.txt document.",subclass_482_skills_in_demand.txt (0.762); subclass_417_working_holiday.txt (0.66); subclass_500_student.txt (0.659),,,
q40,answerable_direct,What is the general age requirement when applying for a Subclass 485 Temporary Graduate visa?,"You must generally be aged 35 years or under when you apply, although exceptions apply.",subclass_485_temporary_graduate.txt,"The general age requirement for applying for an Australian Subclass 485 Temporary Graduate visa is that applicants must be at least 18 years old. There are no upper age limits specified by the Australian government for this visa category.  To summarize: - Minimum age: 18 years old - No maximum age limit  It's important to note that while there are no specific age restrictions, other eligibility criteria apply, such as meeting educational requirements and having sufficient funds to support yourself during your stay in Australia. Always check the latest Department of Home Affairs guidelines for any updates or changes to the application process and requirements.","The general age requirement when applying for a Subclass 485 Temporary Graduate visa is that you must be aged 35 years or under when you apply. Exceptions to this rule may apply, but specific details on these exceptions are not provided in the context given. Source: subclass_485_temporary_graduate.txt",subclass_485_temporary_graduate.txt (0.908); subclass_485_temporary_graduate.txt (0.848); subclass_417_working_holiday.txt (0.803),,,
q41,answerable_direct,Must a Subclass 485 Temporary Graduate applicant already hold an eligible visa?,Yes. Holding an eligible visa is a basic eligibility requirement.,subclass_485_temporary_graduate.txt,"Yes, a Subclass 485 Temporary Graduate applicant must already hold an eligible visa to apply for this subclass. Specifically:  1. The applicant must be in Australia on one of the following visas:    - Subclass 400 (Student) visa    - Subclass 462 (Graduate Work) visa  2. The applicant must have completed their studies or graduated from an Australian educational institution.  3. For some pathways, the applicant may need to have been in Australia for a certain period after completing their studies before applying for the Subclass 485 visa.  The purpose of this requirement is to ensure that only those who have already demonstrated their ability to study and meet the requirements of studying in Australia are eligible to apply for post-study work rights. This helps maintain the integrity of the Australian immigration system and ensures that applicants have a genuine connection to Australia through their studies before being granted additional work rights.  It's important to note that the specific eligibility criteria can change, so it's always advisable to check the most current information from official sources like the Department of Home Affairs in Australia.","Yes, a Subclass 485 Temporary Graduate visa applicant must hold an eligible visa. This is part of the basic eligibility criteria stated in the document. [Source: subclass_485_temporary_graduate.txt]",subclass_485_temporary_graduate.txt (0.898); subclass_485_temporary_graduate.txt (0.891); subclass_485_temporary_graduate.txt (0.809),,,
q42,answerable_direct,What course-registration requirement applies to a recent qualification used for a Subclass 485 application?,The recent qualification must be from a CRICOS-registered course.,subclass_485_temporary_graduate.txt,"For a Subclass 485 Temporary Graduate visa application, there is no specific course-registration requirement related to a recent qualification that you've already obtained. The key points are:  1. **Recent Qualification**: Your qualification must have been completed within the last two years (24 months) before your visa application.  2. **Course Registration**: You need to be enrolled in an eligible course of study at an Australian educational institution when you apply for the Subclass 485 visa. This means that while you can use a recent qualification, you must also have a current enrollment in a recognized program.  3. **Eligible Courses**: The courses must meet certain criteria set by the Department of Home Affairs, such as being at least one year full-time or equivalent part-time study and leading to an eligible outcome (e.g., a degree, diploma, etc.).  4. **Duration**: You need to demonstrate that you have sufficient funds to cover your studies for the duration of the course.  In summary, while you can use a recent qualification in your Subclass 485 application, it is essential to be enrolled in an eligible Australian course at the time of applying.",The course-registration requirement for a recent qualification used for a Subclass 485 application is that it must be from a CRICOS-registered course. [Source: subclass_485_temporary_graduate.txt],subclass_485_temporary_graduate.txt (0.724); subclass_482_skills_in_demand.txt (0.692); subclass_485_temporary_graduate.txt (0.68),,,
q43,answerable_direct,Can I change Subclass 485 streams after I submit my application?,"No. You must apply for your eligible stream, and it is not possible to change streams after applying.",subclass_485_temporary_graduate.txt,"Yes, it is possible to change your Subclass 485 stream (also known as the Graduate Temporary Resident visa) after submitting your application, but there are some important considerations and steps involved.  1. **Before Submitting Your Application**: If you haven't submitted your application yet, you can choose between the Graduates Work Stream or the Graduates Regional Stream based on your preferences and circumstances.  2. **After Submitting Your Application**: Once your application is submitted, changing streams becomes more complex. You would need to withdraw your current application and submit a new one for the desired stream. This process involves:     - **Withdrawal of Current Application**: You will need to formally request to withdraw your existing application.    - **New Application Submission**: Submit a fresh application with all required documents for the chosen stream.  3. **Eligibility and Requirements**: Ensure that you meet the eligibility criteria for the new stream before proceeding. Each stream has specific requirements, such as job offers or regional location preferences.  4. **Processing Time and Costs**: Be aware that withdrawing an application and submitting a new one may result in additional processing time and fees.  5. **Consultation with Department**: It's advisable to consult with the Department of Home Affairs (or the relevant immigration department) for specific guidance on the process, as requirements can change.  Given these complexities, it is crucial to carefully consider your decision before applying or making any changes. Consulting with an immigration advisor who specializes in Australian visas could provide tailored advice based on your individual circumstances.","No, you cannot change Subclass 485 streams after you apply. The rules state that ""it is not possible to change streams after you apply."" [Source: subclass_485_temporary_graduate.txt]",subclass_485_temporary_graduate.txt (0.626); subclass_485_temporary_graduate.txt (0.6); subclass_485_temporary_graduate.txt (0.591),,,
q44,answerable_direct,When must I attach the required evidence for a Subclass 485 application?,You must attach the required evidence when you apply.,subclass_485_temporary_graduate.txt,"For a Subclass 485 application (Temporary Residence Visa - Graduate), you should attach all required evidence at the time of submitting your application to avoid delays in processing.  Here are some key points regarding when and what evidence to provide:  1. **At Application Submission**: Ensure that all necessary documents are included with your initial application submission. This includes:    - Proof of completed studies (e.g., academic transcripts, degree certificates)    - Evidence of sufficient funds for living expenses    - Health cover details    - Police clearance certificates if required by the country you're applying from  2. **Additional Documentation**: If requested during the processing stage or after submission, you may receive a request to provide additional documents. Make sure to respond promptly and include any new information as instructed.  3. **Accuracy and Completeness**: Double-check that all provided evidence is accurate, complete, and relevant to your application. Incomplete applications can lead to delays in processing.  4. **Language Requirements**: Ensure that all documents are either in English or accompanied by certified translations if they are not.  5. **Online vs. Paper Applications**: The specific requirements might slightly differ depending on whether you're submitting an online application or a paper-based one, so refer to the official instructions provided by Immigration, Refugees and Citizenship Canada (IRCC).  By ensuring that all required evidence is attached at the time of submission, you can help streamline the processing of your Subclass 485 application.","For a Subclass 485 application, you must attach the required evidence when you apply. [Source: subclass_485_temporary_graduate.txt]",subclass_485_temporary_graduate.txt (0.649); subclass_485_temporary_graduate.txt (0.614); subclass_482_skills_in_demand.txt (0.608),,,
q45,answerable_direct,Can a Subclass 485 Post-Vocational Education Work stream holder work in Australia?,"Yes. The Post-Vocational Education Work stream allows work in Australia with no stated hours restriction. It is the stream for a recent associate degree, diploma or trade qualification relevant to an occupation Australia needs.",subclass_485_temporary_graduate.txt,"Yes, a Subclass 485 Post-Vocational Education and Training (TVET) Workstream holder can work in Australia under certain conditions. The Subclass 485 visa is designed for skilled graduates who have completed post-secondary education or vocational training to gain practical experience in their field of study.  Here are some key points:  1. **Eligibility**: You must be enrolled in, or have completed, a relevant post-secondary course that falls under the Post-Vocational Education and Training (TVET) Workstream as defined by the Australian Government.  2. **Work Rights**: Holders of this visa can work full-time, part-time, or on a casual basis while their application for permanent residency is being processed.  3. **Duration**: The duration of your work rights depends on when you completed your studies and how long it has been since then:    - If you completed your course within the last 24 months: You can work full-time.    - If you completed your course between 25-36 months ago: You are eligible for part-time work (up to 20 hours per week).    - If you completed your course more than 36 months ago: You are not eligible for any work rights under this visa.  4. **Other Requirements**: Ensure that you meet all other requirements of the Subclass 485 visa, including meeting health and character criteria, having sufficient funds to support yourself during your stay in Australia, and providing evidence of your post-secondary education or vocational training.  It's important to check the latest information from the Department of Home Affairs (or relevant Australian government body) as policies can change. Consulting with an immigration advisor can also provide personalized guidance based on your specific circumstances.","Yes, a Subclass 485 Post-Vocational Education Work stream holder can work in Australia with no hours restriction stated for this stream. Source: subclass_485_temporary_graduate.txt",subclass_485_temporary_graduate.txt (0.842); subclass_485_temporary_graduate.txt (0.832); subclass_485_temporary_graduate.txt (0.801),,,
q46,answerable_direct,Can I bring my family on the Subclass 485 Post-Vocational Education Work stream?,"Yes. Holders of the Post-Vocational Education Work stream can bring family; this is the stream tied to a relevant associate degree, diploma or trade qualification.",subclass_485_temporary_graduate.txt,"The Subclass 485 Post-Study Work Stream visa in Australia does not allow for the inclusion of dependents, including family members. This visa is designed primarily for international students who have completed a course of study and wish to work temporarily in Australia after graduation.  If you are interested in bringing your family with you, you might want to consider other visa options that do support dependent visas, such as:  1. **Subclass 489 Regional Migration Visa**: This is part of the Australian Government's Skilled Occupation List (SOL) and allows for the inclusion of dependents. 2. **Subclass 186 Employer Nomination Scheme (ENS)**: If you are nominated by an employer, this visa can also include your family members as dependents. 3. **Subclass 187 State or Territory Nomination**: Similar to ENS, but requires a state or territory nomination.  It's important to carefully review the eligibility criteria and requirements for each of these visas to determine which one best suits your needs. Consulting with an immigration advisor can also provide personalized guidance based on your specific circumstances.","Yes, you can bring your family with you under the Subclass 485 Temporary Graduate visa — Post-Vocational Education Work stream. [Source: subclass_485_temporary_graduate.txt]",subclass_485_temporary_graduate.txt (0.683); subclass_485_temporary_graduate.txt (0.677); subclass_485_temporary_graduate.txt (0.677),,,
q47,answerable_direct,What qualification-to-occupation link is required for the Subclass 485 Post-Vocational Education Work stream?,You must hold a qualification relevant to the nominated occupation on the skilled occupation list.,subclass_485_temporary_graduate.txt,"For the Subclass 485 Post-Vocational Education and Training (VET) Workstream, there are specific qualification-to-occupation links that must be met. Here's a breakdown of what is required:  1. **Qualification**: The applicant must have completed a relevant post-secondary qualification in Australia or overseas. This can include:    - A VET qualification at AQF (Australian Qualifications Framework) levels 5 to 7.    - An Australian higher education qualification, such as a bachelor's degree.  2. **Occupation Link**: The occupation for which the visa is being applied must be directly related to the applicant’s post-secondary qualification. This means that the job role should require or utilize the skills and knowledge gained from the completed qualification.  3. **Specific Occupations**: Certain occupations are specifically listed as eligible under this workstream, such as:    - Medical practitioners    - Dentists    - Pharmacists    - Engineers (various fields)    - Accountants    - Lawyers  4. **Job Offer**: The applicant must have a job offer in one of the eligible occupations that matches their qualification.  5. **Skills Assessment**: In some cases, depending on the occupation and country of study, an Australian skills assessment may be required to confirm that the qualification meets Australian standards.  It's important for applicants to ensure that both their qualification and intended occupation are correctly matched according to the Department of Home Affairs' guidelines. Consulting with a migration agent or checking official government resources can provide more detailed information tailored to individual circumstances.","For the Subclass 485 Post-Vocational Education Work stream, you must hold a qualification relevant to the nominated occupation on the skilled occupation list. [Source: subclass_485_temporary_graduate.txt]",subclass_485_temporary_graduate.txt (0.723); subclass_485_temporary_graduate.txt (0.708); subclass_482_skills_in_demand.txt (0.704),,,
q48,answerable_direct,What are the starting cost and maximum stay for the Subclass 485 Post-Vocational Education Work stream?,"The cost starts from AUD5,750.00, with concessions in limited circumstances. The stay is up to 18 months, while Hong Kong and British National Overseas passport holders may stay for 5 years.",subclass_485_temporary_graduate.txt,"The Subclass 485 Post-Vocational Education and Training (TVET) stream of the Temporary Graduate visa in Australia does not have specific ""starting costs"" as it is a visa category rather than a service or product. However, I can provide you with some key details about this visa:  1. **Starting Cost**: There are no direct starting costs associated with applying for a Subclass 485 visa under the Post-Vocational Education and Training stream. The cost typically includes application fees, which vary depending on your country of citizenship.  2. **Maximum Stay**:     - For graduates from designated TVET courses: up to 18 months.    - For graduates from other post-secondary education institutions (such as universities): up to 24 months.  It's important to note that these periods can be extended under certain circumstances, such as through the Graduate Work stream of the Subclass 485 visa. Additionally, there are various factors and conditions that could affect your eligibility and the duration of stay, so it's advisable to consult the official Australian Government Department of Home Affairs website or seek advice from an immigration specialist for detailed information tailored to your specific circumstances.  For the most accurate and up-to-date information, please refer to the latest visa guidelines provided by the Australian government.","The starting cost for the Subclass 485 Post-Vocational Education Work stream is from AUD5,750.00, with concessions applying in limited circumstances. The maximum stay under this stream can be up to 18 months, with Hong Kong and British National Overseas passport holders potentially staying for 5 years. Source: subclass_485_temporary_graduate.txt",subclass_485_temporary_graduate.txt (0.737); subclass_482_skills_in_demand.txt (0.73); subclass_485_temporary_graduate.txt (0.726),,,
q49,answerable_direct,Can a Subclass 485 Post-Higher Education Work stream holder work in Australia?,Yes. The Post-Higher Education Work stream allows work in Australia with no stated hours restriction. It is the stream for recent graduates with a degree from an Australian institution.,subclass_485_temporary_graduate.txt,"Yes, a Subclass 485 Post-High School Graduate Workstream holder can work in Australia while their visa is valid. The Subclass 485 visa allows you to live and work in Australia for up to five years (with the option of extending) after completing your studies at a designated educational institution.  Key points about working with a Subclass 485 visa:  1. **Eligibility**: You must have completed an eligible course of study, which is typically defined as a post-secondary qualification from a recognized Australian or New Zealand institution.  2. **Duration of Stay**: The initial stay can be up to four years and six months for most courses, with the option to extend by one year if you're in certain fields like science, technology, engineering, mathematics (STEM), or critical skill areas.  3. **Work Rights**: You are entitled to work anywhere in Australia as long as your visa is valid. There's no need to apply for a separate work permit.  4. **Employment Restrictions**: While there are generally fewer restrictions compared to other visas, you may still be subject to some limitations based on the specific terms of your visa and the field of study.  5. **Eligibility for Permanent Residency**: After two years of valid Subclass 485 work visa in certain fields (STEM or critical skill areas), you can apply for permanent residency under the Skilled Independent stream.  Always check the latest Department of Home Affairs guidelines, as requirements and conditions may change over time.","Yes, a Subclass 485 Post-Higher Education Work stream holder can work in Australia with no stated fortnightly work-hour restriction. Source: subclass_485_temporary_graduate.txt",subclass_485_temporary_graduate.txt (0.848); subclass_485_temporary_graduate.txt (0.826); subclass_485_temporary_graduate.txt (0.823),,,
q50,answerable_direct,Can I bring my family on the Subclass 485 Post-Higher Education Work stream?,Yes. Holders of the Post-Higher Education Work stream can bring family; this is the stream for recent graduates with an Australian degree.,subclass_485_temporary_graduate.txt,"The Subclass 485 Post-Study Work visa in Australia allows you to stay and work in Australia for up to 18 months after completing your studies. However, this visa does not include provisions for bringing family members.  For bringing family members (such as a spouse or partner) to Australia on the Subclass 485 visa, you would need to apply separately under a different visa category that allows for family sponsorship. Some options might include:  1. **Subclass 820/801 Partner Visa**: For your partner. 2. **Subclass 804 Dependent Child Visa**: If you have children who are dependent on you.  It's important to note that these visas come with their own eligibility criteria and requirements, which can be quite complex. You should consult the Department of Home Affairs website or seek advice from a registered migration agent for detailed information tailored to your specific circumstances.","Yes, you can bring your family with you under the Subclass 485 Temporary Graduate visa through the Post-Higher Education Work stream. This applies to international students who have recently graduated with a degree from an Australian institution and are working in Australia without any stated fortnightly work-hour restrictions. Source: subclass_485_temporary_graduate.txt",subclass_485_temporary_graduate.txt (0.704); subclass_485_temporary_graduate.txt (0.698); subclass_485_temporary_graduate.txt (0.676),,,
q51,answerable_direct,What degree requirement applies to the Subclass 485 Post-Higher Education Work stream?,You need a recent degree from a CRICOS-registered course.,subclass_485_temporary_graduate.txt,"The Subclass 485 Post-Higher Education stream of the Temporary Graduate visa in Australia requires a relevant postgraduate qualification (i.e., a master's or doctoral degree) from an eligible Australian educational institution. Here are some key points about this requirement:  1. **Postgraduate Qualification**: You must have completed a postgraduate qualification, which can be either a Master’s degree or a Doctoral degree.  2. **Relevance**: The qualification must be relevant to the occupation you intend to work in while holding the visa.  3. **Eligibility of Institution**: The educational institution must be an eligible Australian higher education provider recognized by the Australian Government.  4. **Duration of Visa**: The duration of the visa is typically linked to the length of your postgraduate qualification, with a maximum of 2 years for master's degrees and up to 4 years for doctoral degrees.  5. **Work Experience**: While not strictly required for this stream, work experience gained during or after completing your degree can be beneficial for finding employment in Australia.  It's important to note that the specific requirements and conditions may change over time, so it's always a good idea to check the latest information from the Australian Government's Department of Home Affairs website or consult with an immigration advisor.","The degree requirement for the Subclass 485 Post-Higher Education Work stream is that it must be from an Australian institution located in a regional area. This information can be found in the context provided under the ""Second Post-Higher Education Work stream"" section.",subclass_485_temporary_graduate.txt (0.734); subclass_485_temporary_graduate.txt (0.73); subclass_485_temporary_graduate.txt (0.729),,,
q52,answerable_direct,What are the starting cost and usual stay for the Subclass 485 Post-Higher Education Work stream?,"The cost starts from AUD5,750.00, with concessions in limited circumstances. The stay is usually 2-3 years depending on qualification, while Hong Kong and British National Overseas passport holders may stay for 5 years.",subclass_485_temporary_graduate.txt,"The Subclass 485 Post-Higher Education Workstream visa in Australia is designed for international students who have completed a course of study at an Australian educational institution. However, it's important to note that there are no specific ""starting costs"" associated with this visa category as it pertains to the type of visa and not a financial transaction.  Regarding the usual stay (also known as the validity period) for the Subclass 485 Post-Higher Education Workstream visa:  - The typical duration is up to four years, depending on the length of your course. - For courses lasting more than one year, you can apply for a maximum of four years. - If your course was less than one year, you are generally eligible for 18 months.  It's crucial to check the specific details and conditions with the Department of Home Affairs or an authorized migration agent, as these can vary based on individual circumstances. Additionally, the visa may be subject to renewal if certain criteria are met during its validity period.","The starting cost for the Subclass 485 Post-Higher Education Work stream is from AUD2,265.00 (with concessions applying in limited circumstances). The usual stay under this stream is between 1 and 2 years, depending on the regional location of the graduating institution and the regional area lived in while holding the visa.  Reference: [Source: subclass_485_temporary_graduate.txt]",subclass_485_temporary_graduate.txt (0.753); subclass_485_temporary_graduate.txt (0.727); subclass_485_temporary_graduate.txt (0.725),,,
q53,answerable_direct,Can a Subclass 485 Second Post-Higher Education Work stream holder work in Australia?,Yes. The Second Post-Higher Education Work stream allows work in Australia with no stated hours restriction. It is for qualifying temporary graduates with a degree from an Australian institution located in a regional area.,subclass_485_temporary_graduate.txt,"Yes, a Subclass 485 Second Post-Higher Education Work stream holder can work in Australia under certain conditions. The Subclass 485 visa is designed for international students who have completed their studies and wish to remain in Australia to gain practical experience related to their field of study.  Here are some key points about the Subclass 485 Second Post-Higher Education Work stream:  1. **Eligibility**: You must be a graduate from an Australian higher education institution (HEI) or a New Zealand HEI, and have completed your studies in Australia or New Zealand.  2. **Duration of Stay**: The visa allows you to stay in Australia for up to 24 months after the completion of your course, with the option to extend it by another 12 months if you are eligible under certain criteria (e.g., having a job offer from an Australian employer).  3. **Employment**: You can work full-time or part-time while holding this visa. The employment must be in a field related to your area of study.  4. **Job Offer**: While not strictly required, having a job offer from an Australian employer can help you extend the visa beyond 24 months if you meet other eligibility criteria.  5. **Skills Assessment**: Depending on your profession, you may need to have a positive skills assessment from a relevant assessing authority before applying for this visa.  6. **Eligibility for Permanent Residency**: The experience gained under this visa can contribute towards meeting the requirements for permanent residency in Australia, such as the Skilled Occupation List (SOL) or Regional Occupation List (ROL).  It's important to note that visa conditions and requirements can change, so it's advisable to check the latest information from the Department of Home Affairs or consult with a migration agent or lawyer.","Yes, a Subclass 485 Second Post-Higher Education Work stream holder can work in Australia with no hours restriction stated for this stream. Source: subclass_485_temporary_graduate.txt",subclass_485_temporary_graduate.txt (0.851); subclass_485_temporary_graduate.txt (0.819); subclass_485_temporary_graduate.txt (0.818),,,
q54,answerable_direct,Can I bring my family on the Subclass 485 Second Post-Higher Education Work stream?,Yes. Holders of the Second Post-Higher Education Work stream can bring family; this is the additional regional stream for qualifying temporary graduates.,subclass_485_temporary_graduate.txt,"The Subclass 485 Temporary Graduate (Second Post-Higher Education) visa in Australia does not allow for family members to be included as part of the application. This visa is designed for individuals who have completed a course at an eligible higher education institution and wish to work in Australia on a temporary basis.  If you are interested in bringing your family, you might want to consider other visa options that do permit family sponsorship, such as:  1. **Subclass 489 Skilled Regional (Provisional) Visa**: This visa allows skilled workers to live and work permanently in regional areas of Australia. 2. **Subclass 186 Employer Nomination Scheme (ENS)**: If you are nominated by an Australian employer, this visa can include your family members. 3. **Subclass 187 State or Territory Nomination**: Similar to the ENS, but requires a state or territory government nomination.  It's important to carefully review the eligibility criteria and requirements for each of these visas to determine which one best suits your needs. Consulting with an immigration advisor can also provide personalized guidance based on your specific circumstances.","Yes, you can bring your family with you under the Subclass 485 Temporary Graduate visa — specifically, the Second Post-Higher Education Work stream. [Source: subclass_485_temporary_graduate.txt]",subclass_485_temporary_graduate.txt (0.715); subclass_485_temporary_graduate.txt (0.694); subclass_482_skills_in_demand.txt (0.681),,,
q55,answerable_direct,What is the starting cost of the Subclass 485 Second Post-Higher Education Work stream?,"The cost starts from AUD2,265.00, with concessions applying in limited circumstances.",subclass_485_temporary_graduate.txt,"The Subclass 485 Second Post-Higher Education stream, also known as the Graduate Temporary Residence (GTR) stream, does not have a specific ""starting cost"" in the traditional sense. This is because it's a visa subclass under Australia's migration program, and there are no application fees or processing charges associated with it.  However, to apply for this visa, you will incur costs related to:  1. **Application Processing Fees**: These vary depending on your country of citizenship and whether you're applying from within or outside Australia. 2. **Legal and Consulting Services**: If you engage a migration agent or lawyer to assist with the application process, there will be fees associated with their services. 3. **Travel Costs**: You may need to travel to an Australian embassy or consulate for biometric collection (fingerprinting) if you're applying from outside Australia.  For the most accurate and up-to-date information on application processing fees, I recommend checking the official website of Service Australia or contacting them directly.","The starting cost of the Subclass 485 Second Post-Higher Education Work stream is AUD2,265.00 (concessions apply in limited circumstances). This information can be found in the provided context under [source: subclass_485_temporary_graduate.txt].",subclass_485_temporary_graduate.txt (0.711); subclass_482_skills_in_demand.txt (0.685); subclass_485_temporary_graduate.txt (0.672),,,
q56,answerable_direct,How long can a Subclass 500 Student visa allow me to stay in Australia?,The stay can be up to 6 years and must be in line with your enrolment.,subclass_500_student.txt,"A Subclass 500 Student visa typically allows you to stay in Australia for the duration of your course plus an additional period, known as the Post-Study Work (PSW) visa eligibility. Here are some key points:  1. **Duration of Course**: You can stay in Australia while enrolled in your course.  2. **Post-Study Work Visa Eligibility**: After completing your studies, you may be eligible for a Post-Study Work visa (Subclass 485), which allows you to work in Australia for up to 18 months if you're from certain countries or 24 months if you're from other countries. This is subject to meeting the eligibility criteria.  3. **Maximum Stay**: The maximum stay on a Subclass 500 Student visa, including any PSW visa, is generally 5 years for most students. However, this can vary based on your specific circumstances and the type of course you are undertaking.  It's important to check the latest information from the Australian Government or consult with an immigration advisor, as policies can change.",A Subclass 500 Student visa allows you to stay in Australia up to 6 years and in line with your enrolment. [Source: subclass_500_student.txt],subclass_500_student.txt (0.92); subclass_500_student.txt (0.906); subclass_500_student.txt (0.824),,,
q57,answerable_direct,Can a Subclass 500 Student visa holder participate in a course of study in Australia?,Yes. The visa allows participation in an eligible course of study in Australia.,subclass_500_student.txt,"Yes, a Subclass 500 Student visa holder is generally allowed to participate in a course of study in Australia. The Subclass 500 Student visa is designed for students enrolled in vocational education and training (VET) courses or registered private training establishments (PTEs).   However, there are some important points to consider:  1. **Eligibility**: Ensure that the course you wish to undertake is eligible under the Australian government's migration rules.  2. **Enrollment**: You must be enrolled in a recognized educational institution and have an active student visa while participating in your studies.  3. **Duration**: The duration of your stay will depend on the length of your course, but typically, students can remain in Australia until they complete their course or are otherwise no longer eligible for the visa.  4. **Work Restrictions**: While studying full-time, you may be restricted from working more than 20 hours per week during term time and unlimited hours outside of term time. However, this can vary based on your specific visa conditions.  5. **Visa Conditions**: Always check the specific conditions attached to your Student visa as these can include requirements such as maintaining satisfactory academic progress or meeting health and character criteria.  If you have any doubts about your eligibility or compliance with the visa conditions, it's advisable to consult the Australian Government Department of Home Affairs website or seek advice from a registered migration agent.","Yes, a Subclass 500 Student visa holder can participate in a course of study in Australia. This is explicitly stated in the source document for subclass_500_student.txt, which notes that with this visa, you can ""participate in an eligible course of study in Australia.""",subclass_500_student.txt (0.931); subclass_500_student.txt (0.919); subclass_500_student.txt (0.857),,,
q58,answerable_direct,Can a Subclass 500 Student visa holder travel out of and back into Australia?,Yes. The visa allows the holder to travel in and out of Australia.,subclass_500_student.txt,"Yes, a Subclass 500 Student visa holder is generally allowed to travel in and out of Australia multiple times during their course duration. However, there are some important points to consider:  1. **Entry Requirements**: You must meet the entry requirements for your visa category upon re-entry.  2. **Stay Duration**: There may be restrictions on how long you can stay outside Australia before needing to return to studies. Typically, students cannot be away from their course for more than 3 months without risking their visa status.  3. **Course Completion**: Ensure that any absences do not affect your ability to complete the course within its specified duration.  4. **Health and Character Requirements**: You must still meet health and character requirements upon re-entry.  5. **Visa Conditions**: Always check the specific conditions of your Student visa, as these can vary depending on the institution and course.  6. **Travel Documentation**: Keep all relevant travel documents (e.g., passport, return ticket) ready for inspection at border crossings.  It's advisable to consult with an immigration advisor or the Department of Home Affairs directly if you have any specific concerns about your visa status or travel plans.","Yes, a Subclass 500 Student visa holder can travel in and out of Australia. This is stated in the document for subclass 500 student visa which indicates that visa holders are allowed to ""travel in and out of Australia."" [Source: subclass_500_student.txt]",subclass_500_student.txt (0.892); subclass_500_student.txt (0.874); subclass_500_student.txt (0.816),,,
q59,answerable_direct,Can I apply for a Subclass 500 Student visa while I am outside Australia?,Yes. You can apply online either in or outside Australia.,subclass_500_student.txt,"Yes, you can apply for a Subclass 500 Student Visa (also known as a Temporary Study Visa) while you are outside of Australia. In fact, most student visa applications are made from overseas.  To apply, you'll need to:  1. **Check Eligibility**: Ensure that you meet the requirements for the course and the visa. 2. **Gather Documentation**: Prepare all necessary documents such as your passport, academic transcripts, proof of financial support, and evidence of English language proficiency if required. 3. **Choose a Course**: Select an Australian educational institution that is registered with the Australian Government's Department of Home Affairs. 4. **Submit Your Application**: Apply through the Department of Home Affairs website or via an authorized agent. 5. **Attend Interviews**: You may be required to attend an interview, either in person or online.  It’s important to note that processing times can vary, so it's advisable to apply well in advance of your intended start date for studies.","Yes, you can apply for a Subclass 500 Student visa while you are outside Australia. According to the information provided in [subclass_500_student.txt], you must apply online either in or outside Australia.",subclass_500_student.txt (0.868); subclass_500_student.txt (0.864); subclass_500_student.txt (0.853),,,
q60,answerable_direct,What enrolment document must be valid when a Subclass 500 Student visa is decided?,You must be enrolled in an Australian course and hold a valid Confirmation of Enrolment (CoE) when the visa is decided.,subclass_500_student.txt,"For a Subclass 500 Student visa in Australia, the enrollment document that must be valid when the visa decision is made is typically the Confirmation of Enrolment (CoE). The CoE is issued by an Australian educational institution and confirms your acceptance into a course of study. It's important to note that:  1. **Confirmation of Enrolment (CoE):** This document is usually required as part of the visa application process and must be valid at the time the visa decision is made.  2. **Course Commencement Date:** The CoE should include your course commencement date, which aligns with the proposed start date in your visa application.  3. **Validity Period:** Ensure that the CoE has not expired or will expire soon after your intended arrival date to avoid any issues during the visa processing.  4. **Other Supporting Documents:** While the CoE is crucial, other supporting documents such as passport details, financial support evidence, and academic qualifications may also be required for a complete application.  It's advisable to check with the Department of Home Affairs or consult an immigration advisor for specific requirements related to your individual circumstances.",The enrolment document that must be valid when a Subclass 500 Student visa is decided is the Confirmation of Enrolment (CoE). [Source: subclass_500_student.txt],subclass_500_student.txt (0.807); subclass_500_student.txt (0.793); subclass_500_student.txt (0.786),,,
q61,answerable_direct,What health-cover requirement applies to a Subclass 500 Student visa applicant?,"You must hold Overseas Student Health Cover (OSHC), unless you fall within an exemption category.",subclass_500_student.txt,"For a Subclass 500 Student visa applicant in Australia, there is a specific health cover requirement that must be met. The applicant must have adequate health insurance coverage for the duration of their stay as a student.  Specifically:  1. **Health Insurance Requirement**: All international students on a Subclass 500 Student visa are required to have comprehensive private health insurance (PHI) from the date they arrive in Australia until the end of their course, or up to 30 days after completing their studies if they plan to stay longer.  2. **Coverage Period**: The health cover must be valid for at least the entire duration of the student's visa and any extension that may be granted. This means it should cover the period from when the student arrives in Australia until the end date on their visa, plus an additional 30 days after the course completion if they plan to stay longer.  3. **Minimum Coverage**: The health insurance must provide at least A$33,600 worth of benefits per year for medical and hospital treatment. This is equivalent to about $92 per week.  4. **Exclusions**: Some treatments or services may be excluded from the cover, such as elective surgery, dental care, and some prescription medications. It's important to check the policy details carefully.  5. **Change of Cover**: If a student changes their course or visa subclass, they must ensure that their health insurance remains valid for the new circumstances.  6. **Verification**: The Department of Home Affairs may request proof of health cover at any time during the student’s stay in Australia.  It's crucial for international students to understand these requirements and ensure they have appropriate health coverage before arriving in Australia or upon arrival, as failure to comply can result in visa cancellation or other penalties.","For a Subclass 500 Student visa applicant, the health-cover requirement is to hold Overseas Student Health Cover (OSHC), or fall in one of the exemption categories. [Source: subclass_500_student.txt]",subclass_500_student.txt (0.816); subclass_500_student.txt (0.761); subclass_485_temporary_graduate.txt (0.742),,,
q62,answerable_direct,What is the minimum age stated for a Subclass 500 Student visa applicant?,The applicant must be at least 6 years old.,subclass_500_student.txt,"The minimum age requirement for a Subclass 500 Student visa applicant in Australia is 5 years old. This means that children as young as 5 years can apply for this type of visa to study in Australia, provided they meet other eligibility criteria such as having a confirmed place at an Australian educational institution and meeting health and character requirements.",The minimum age stated for a Subclass 500 Student visa applicant is 6 years old. [Source: subclass_500_student.txt],subclass_500_student.txt (0.824); subclass_485_temporary_graduate.txt (0.82); subclass_500_student.txt (0.812),,,
q63,answerable_direct,Can a Working Holiday Maker work for the same employer for more than 6 months in natural-disaster recovery?,"Yes. Natural-disaster recovery work anywhere in Australia is exempt from condition 8547's 6-month same-employer limit, so permission is not required for the exemption.",whm_6_month_work_limitation.txt,"Working Holiday Makers (WHM) in Australia have specific visa conditions that generally limit their stay to 12 months, with the option to extend by another 12 months. However, there are some exceptions and special circumstances where these restrictions can be relaxed.  For natural disaster recovery work, the Australian government has implemented a ""natural disasters"" provision under the Working Holiday Maker program. This allows WHM visa holders to potentially stay longer than their initial 12-month period if they are working in areas affected by natural disasters.  According to the Department of Home Affairs, if you are employed in an area declared as a natural disaster zone, you may be eligible for extended work periods beyond your original 12 months. The exact duration can vary depending on the specific circumstances and needs of the recovery efforts.  It's important to note that while this provision exists, it is not automatic and requires approval from the Department of Home Affairs. Employers must also apply for an extension through the relevant state or territory government body responsible for disaster management.  To summarize: - Yes, a Working Holiday Maker can potentially work for more than 6 months in natural-disaster recovery. - However, this depends on being employed in a declared natural disaster zone and obtaining the necessary approvals from the Australian government.  Always check the latest official guidelines from the Department of Home Affairs or consult with an immigration advisor to ensure you have the most up-to-date information.","Yes, a Working Holiday Maker (Subclass 417) can work for the same employer for more than 6 months during natural disaster recovery work anywhere in Australia. This is an exemption under visa condition 8547. Source: [Condition 8547 — WHM 6 month work limitation (Subclass 417 and 462)].",whm_6_month_work_limitation.txt (0.748); whm_6_month_work_limitation.txt (0.724); whm_6_month_work_limitation.txt (0.722),,,
q64,answerable_direct,Which critical sectors let a Working Holiday Maker stay with the same employer for more than 6 months without asking permission?,"The listed critical sectors are agriculture, food processing, health, aged and disability care and childcare, and tourism and hospitality, anywhere in Australia.",whm_6_month_work_limitation.txt,"In Australia, under the Working Holiday Maker (WHM) visa program, there is no specific sector that allows staying with the same employer for more than six months without seeking additional permission. The WHM visa typically limits individuals to working in Australia for up to 12 months within a four-year period.  However, certain critical sectors may have special arrangements or exemptions from these general rules:  1. **Healthcare**: In some cases, healthcare workers might be eligible for longer stays under specific programs designed to address shortages in the medical workforce. These are not part of the standard WHM visa but require separate applications and approvals.  2. **Agriculture**: The Australian government sometimes offers special arrangements for agricultural workers during peak seasons. These can involve extended work periods, but they still generally fall within the broader framework of temporary work visas rather than the WHM program.  3. **Emergency Situations**: In rare cases, such as natural disasters or other emergencies, the government might provide additional flexibility to workers in critical sectors who are helping with recovery efforts.  For most Working Holiday Makers, if you wish to continue working for the same employer beyond six months, you would need to apply for a different visa category that allows longer-term employment. This typically involves leaving and re-entering Australia or applying for a new visa type such as a Temporary Work (Skilled) visa.  It's important to check with the Department of Home Affairs or seek professional advice regarding any specific circumstances or potential exceptions, as policies can change and there may be additional requirements or conditions that apply.","The critical sectors that allow a Working Holiday Maker (Subclass 417 and Subclass 462) to stay with the same employer for more than 6 months without asking permission are:  - Agriculture - Food processing - Health, aged and disability care, and childcare - Tourism and hospitality  These exemptions apply from 1 January 2024. Source: [Condition 8547 — WHM 6 month work limitation (Subclass 417 and 462)] Exemptions to condition 8547.",whm_6_month_work_limitation.txt (0.771); whm_6_month_work_limitation.txt (0.749); whm_6_month_work_limitation.txt (0.727),,,
q65,answerable_direct,Which Northern Australia industries are exempt from the Working Holiday Maker 6-month same-employer limit?,"In Northern Australia only, the listed exempt industries are fishing and pearling, tree farming and felling, construction, and mining.",whm_6_month_work_limitation.txt,"In Northern Australia, certain industries have been granted exemptions from the Working Holiday Maker (WHM) program's 6-month same-employer limit. This exemption is designed to support businesses in regions with labor shortages and to attract skilled workers.  The primary industry that benefits from this exemption is agriculture, particularly horticulture. Specifically:  1. **Horticulture Industry**: Workers in the horticulture sector can work for up to 12 months with the same employer under the WHM program in Northern Australia. This includes industries such as fruit and vegetable farming.  It's important to note that this exemption applies specifically to regions in Northern Australia, typically including areas like Queensland (north), the Northern Territory, and parts of Western Australia. The exact regions can vary, so it's advisable to check the latest government guidelines or consult with relevant authorities for the most current information.  Additionally, workers must still comply with other WHM program requirements, such as working a minimum number of days and maintaining their visa conditions while in Australia.","The following industries in Northern Australia are exempt from the Working Holiday Maker (Subclass 417) 6-month same-employer work limitation:  - Fishing and pearling - Tree farming and felling - Construction - Mining  This information is sourced from the document ""whm_6_month_work_limitation.txt"" under Condition 8547 for Subclass 417 visas.",whm_6_month_work_limitation.txt (0.773); whm_6_month_work_limitation.txt (0.761); subclass_417_working_holiday.txt (0.735),,,
q66,answerable_direct,When may a Working Holiday Maker be given permission to work for the same employer beyond 6 months?,"Permission may be given if the person has applied for a visa allowing ongoing full-time work and is awaiting the outcome, or if they undertake work critical to the employer and attach a supporting letter to the request.",whm_6_month_work_limitation.txt,"A Working Holiday Maker (WHM) visa holder in Australia is generally permitted to work for an employer for up to six months under their visa conditions. However, there are specific circumstances where they might be granted an extension or permission to work longer than six months:  1. **Change of Employer**: If a WHM changes employers and the new employer applies on their behalf for a Subclass 485 (Temporary Graduate) visa, which can allow them to stay in Australia for up to four years after completing their working holiday.  2. **Special Circumstances**: In rare cases, if there are special circumstances that justify an extension, such as significant contributions made by the individual or exceptional hardship, the Department of Home Affairs may consider granting a longer work period on a case-by-case basis.  3. **Employer-Sponsored Extension**: Some employers might be able to sponsor a WHM for a different visa category if they can demonstrate a genuine business need and that the employee is essential to their operations.  It's important to note that these extensions are not automatic and require specific applications, documentation, and approval from the Department of Home Affairs. Always consult with an immigration advisor or the official Australian government website for the most up-to-date information and requirements.","A Working Holiday Maker on Subclass 417 or 462 visa may be given permission to work for the same employer beyond 6 months if they: - Have applied for a visa allowing ongoing full-time work and are awaiting the outcome, or - Undertake work critical to their employer, with a supporting letter attached to the request.  Additionally, as of 1 January 2024, exemptions allow working for more than 6 months without requesting permission if the work falls under specific categories such as: - Different locations for the same employer within Australia (as long as no single location exceeds 6 months) - Plant and animal cultivation anywhere in Australia - Natural disaster recovery work anywhere in Australia - Critical sectors anywhere in Australia, including agriculture, food processing, health, aged and disability care, childcare, tourism and hospitality - Certain industries in Northern Australia only: fishing and pearling, tree farming and felling, construction, mining  These conditions do not apply to Subclass 500 (Student), 485 (Temporary Graduate), or 482 (Skills in Demand) visas.",whm_6_month_work_limitation.txt (0.841); whm_6_month_work_limitation.txt (0.8); whm_6_month_work_limitation.txt (0.79),,,
q67,cross_subclass_probe,"I have finished studying and want to keep working in Australia. Does my student work-hours cap continue, or can I work without that cap?","It depends on the visa currently held. Subclass 500 is capped at 48 hours per fortnight while the course is in session. The listed Subclass 485 graduate streams state no fortnightly hours restriction, but finishing study does not itself change the visa; the current grant and conditions must be checked.",multiple,"Once your studies are completed, any restrictions on your work hours (often referred to as the ""student work-hour cap"") will no longer apply. As a graduate of an Australian educational institution, you would typically be eligible for a different visa category, such as a Graduate Work Visa (subclass 485) or another appropriate work visa.  Here are some key points:  1. **Graduate Work Visa (subclass 485):** This is the most common pathway for international students to continue working in Australia after completing their studies. It allows you to stay and work in Australia for up to four years, depending on your course duration.  2. **Other Work Visas:** If you have specific career goals or are interested in a different type of visa (e.g., Skilled Migration), you may be eligible for other work visas that do not have the same restrictions as student visas.  3. **Application Process:** You will need to apply for the appropriate post-study work visa through the Department of Home Affairs. Ensure you meet all eligibility criteria and provide necessary documentation.  4. **Work Rights:** Once your new visa is granted, you can work full-time without any caps or limitations on hours.  It's important to consult with an immigration advisor or the Department of Home Affairs for specific guidance tailored to your situation. They can help ensure that you apply correctly and understand all requirements and conditions associated with your new visa status.","Your student work-hours cap does not continue once you finish your studies under a Subclass 500 Student visa. Instead, if you wish to remain in Australia and work, you would need to apply for another visa such as the Subclass 485 Temporary Graduate visa, which allows unlimited work hours during its validity period.  For more specific advice on transitioning from a Subclass 500 Student visa to a Subclass 485 Temporary Graduate visa, please contact a registered migration agent or the Department of Home Affairs directly.",subclass_500_student.txt (0.731); subclass_485_temporary_graduate.txt (0.709); subclass_417_working_holiday.txt (0.701),,,
q68,cross_subclass_probe,"My visa application costs AUD5,750. Is that the Student visa, a graduate visa, or a sponsored-work visa?","That starting cost matches the Subclass 485 Post-Vocational Education Work and Post-Higher Education Work streams in this corpus. Subclass 500 starts at AUD2,500 and Subclass 482 starts at AUD4,015, all subject to the stated limited concessions.",multiple,"The cost of AUD 5,750 for a visa application is quite high and doesn't match typical visa fees for student or work visas in Australia. As of my last update in October 2023, here are the approximate costs:  - **Student Visa (Subclass 500):** The application fee for a student visa is around AUD 1,685. - **Graduate Work Visa (Subclass 485):** The application fee for this visa is approximately AUD 925. - **Sponsored Work Visa (e.g., Subclass 457 or Temporary Skill Shortage visas):** Application fees can vary but are generally much lower than AUD 5,750.  Given the high cost you mentioned, it's possible that:  1. This fee might include additional services such as a health assessment, character check, and/or a skills assessment. 2. It could be for a different type of visa or a combination of fees. 3. There may be an error in the amount provided.  To get accurate information, you should contact the Australian Government's Department of Home Affairs directly or consult with a migration agent who can provide detailed advice based on your specific circumstances and requirements.","That's a case-specific question — please contact a registered migration agent or the Department of Home Affairs directly.  The cost you mentioned (AUD5,750) aligns with the cost for the Post-Higher Education Work stream under Subclass 485 Temporary Graduate visa as stated in the provided context. However, without additional details about your specific application and circumstances, I cannot definitively state which subclass of visa it is.",subclass_500_student.txt (0.812); subclass_485_temporary_graduate.txt (0.773); subclass_485_temporary_graduate.txt (0.769),,,
q69,cross_subclass_probe,How long can I stay in Australia on one of these temporary visas?,"The visa must be identified. Subclass 417 stays are 12 months. Subclass 482 Core and Specialist Skills stays are up to 4 years, the Labour Agreement stay is up to 4 years depending on its terms, and a subsequent entrant stays as long as the visa is valid; the listed primary streams allow up to 5 years for Hong Kong passport holders. Subclass 485 varies by stream from 18 months or 1-2 years to usually 2-3 years, with stated 5-year Hong Kong/BNO exceptions in two streams. Subclass 500 can be up to 6 years in line with enrolment.",multiple,"The duration of your stay under a temporary visa in Australia depends on which specific type of visa you have been granted. Here are some common types and their typical durations:  1. **Visitor Visa (subclass 600)**: Allows entry for up to 3 months, with the possibility of extending it by another 3 months.  2. **Working Holiday Maker Visa (subclass 417 or 462)**: Typically allows a stay of 12 months in Australia, but can be extended once for an additional 12 months if you have been out of Australia for at least 12 months between the first and second visa.  3. **Student Visa (subclasses 500, 820, or 864)**: The duration varies depending on your course length but can range from a few months to several years.  4. **Temporary Skill Shortage Visa (subclasses 482, 494, and others)**: Can be granted for periods ranging from one year up to four years, with the possibility of extension.  5. **Business Innovation and Investment Program Visas**: These can range from 1-5 years, depending on the specific subclass.  6. **Temporary Protected Persons Visa (subclass 790)**: Allows a stay of up to five years, renewable for further periods.  For precise details about your visa, you should refer to the Australian Government's Department of Home Affairs website or contact them directly. They provide comprehensive information and can clarify any specific conditions related to your visa.","The duration of stay varies depending on the subclass of the Temporary Graduate visa:  - For the Post-Higher Education Work stream, you can usually stay between 2 and 3 years, with Hong Kong and British National Overseas passport holders potentially staying for 5 years. (Source: subclass_485_temporary_graduate.txt) - For the Post-Vocational Education Work stream, you are allowed to stay up to 18 months, or 5 years for Hong Kong and British National Overseas passport holders. (Source: subclass_485_temporary_graduate.txt) - For the Second Post-Higher Education Work stream, your stay can be between 1 and 2 years, depending on the regional location of the institution and where you reside while holding the visa. (Source: subclass_485_temporary_graduate.txt)  Always refer to your specific visa grant notice or VEVO for precise conditions attached to your individual grant.",subclass_485_temporary_graduate.txt (0.759); subclass_485_temporary_graduate.txt (0.758); subclass_485_temporary_graduate.txt (0.755),,,
q70,cross_subclass_probe,Can my family or dependent children come with me on my visa?,"The answer depends on the visa. Subclass 417 applicants must not be accompanied by dependent children. The listed Subclass 485 streams allow holders to bring family, and Subclass 482 has a subsequent-entrant pathway for family members of 457 and 482 holders. The Student visa document does not answer this family question.",multiple,"Whether your family or dependent children can accompany you on your visa depends on several factors, including the type of visa you have and the country's immigration policies. Here are some general guidelines:  1. **Family Visas**: Some countries offer family visas that allow spouses, partners, and/or minor children to travel with the primary visa holder.  2. **Dependent Children**: In many cases, dependent children (typically under a certain age) can be included in your application or may be eligible for a separate child visa.  3. **Visa Requirements**: You should check the specific requirements of the country you are visiting. This information is usually available on their official government immigration website.  4. **Application Process**: Often, family members need to apply separately and provide supporting documents such as birth certificates, proof of relationship, and sometimes financial documentation.  5. **Travel Documents**: Ensure that all accompanying family members have valid travel documents (e.g., passports) and any necessary visas or permits.  6. **Visa Waivers**: Some countries allow visa-free entry for certain nationalities, which might also apply to your dependents.  To get accurate information tailored to your situation, it's best to consult the embassy or consulate of the country you plan to visit, or a professional immigration advisor.",I don't have enough information in my sources to answer that. The provided context does not specify whether the Subclass 417 Working Holiday visa allows for dependents such as family members or children to accompany the primary visa holder.,subclass_417_working_holiday.txt (0.6); subclass_482_skills_in_demand.txt (0.585); subclass_482_skills_in_demand.txt (0.557),,,
q71,cross_subclass_probe,I recently graduated in Australia and have a job offer. Do I need employer sponsorship to work on my next visa?,"The visa pathway matters. The listed Subclass 485 graduate streams provide post-study work rights without employer sponsorship, while Subclass 482 requires nomination by an approved sponsor and ties work rights to the sponsoring employer and nominated occupation.",multiple,"Congratulations on your graduation and job offer! In Australia, whether you need employer sponsorship for your next visa depends on several factors:  1. **Skill Stream**: If your job is classified under the Skilled Occupation List (SOL) or Regional Occupation List (ROL), it typically requires an employer nomination as part of the visa application process.  2. **Employer Nomination Scheme (ENS)**: Your employer must apply for a nomination on your behalf, which then allows you to apply for a subclass 186 (Permanent Employer Nomination) or subclass 482 (Temporary Skill Shortage) visa.  3. **State/Territory Sponsorship**: Some states and territories in Australia offer additional sponsorship programs that can help with the visa application process. For example, Victoria's Victorian State Nomination Scheme.  4. **Other Visa Streams**: If your job is not on the SOL or ROL, you might be able to apply for a subclass 187 (Permanent Skilled Regional) visa through state or territory sponsorship, but this would also require employer support.  5. **Temporary Visas**: For temporary work visas like subclass 482, an employer nomination is usually required if the occupation is on the SOL or ROL.  It's important to check with your employer and the Department of Home Affairs (or its equivalent) for specific requirements related to your job role and visa category. They can provide detailed guidance based on your individual circumstances.","That's a case-specific question — please contact a registered migration agent or the Department of Home Affairs directly.  Based on the information provided, if you are an international student who has recently graduated with a degree from an Australian institution and have a job offer, you might be eligible for the Subclass 485 Temporary Graduate visa. However, whether employer sponsorship is required can depend on specific circumstances and the subclass of the visa you are applying for. For accurate advice, please contact a registered migration agent or the Department of Home Affairs directly.",subclass_482_skills_in_demand.txt (0.724); subclass_485_temporary_graduate.txt (0.7); subclass_485_temporary_graduate.txt (0.689),,,
q72,cross_subclass_probe,I am still enrolled but expect to graduate soon. When do the 48-hours-per-fortnight rules stop applying?,"The current visa controls the answer. A Subclass 500 holder is capped at 48 hours per fortnight while the course is in session. The listed Subclass 485 streams state no such cap, but graduating does not itself establish that a 485 visa has been granted; the current visa grant and conditions must be checked.",multiple,"The 48-hours-per-fortnight rule typically applies to students who are classified as part-time and is designed to ensure that these students are engaged in sufficient study. This rule usually stops applying once you have officially graduated or withdrawn from the institution.  Here’s a general outline of when the rule might cease to apply:  1. **Graduation**: Once you have completed all your academic requirements and received your degree, diploma, or certificate, the 48-hours-per-fortnight rule will no longer be applicable to you.  2. **Withdrawal**: If you decide to withdraw from your program before graduation, the rule would also cease to apply at that point.  3. **Leave of Absence**: If you are on a leave of absence and plan to return, the rule might still apply during your absence unless it is explicitly stated otherwise by your institution's policies.  It’s important to check with your specific institution for their exact policies regarding this rule. They can provide you with precise information based on your individual circumstances.","I don't have enough information in my sources to answer that. The context provided focuses on the Temporary Graduate visa (subclass 485) and its work conditions, but it does not specify when the 48 hours per fortnight rule stops applying for students who are still enrolled but expect to graduate soon. Typically, these rules would apply during the student visa period rather than after graduation, but specific transition periods or changes in status are not detailed here.",subclass_485_temporary_graduate.txt (0.65); subclass_485_temporary_graduate.txt (0.648); whm_6_month_work_limitation.txt (0.646),,,
q73,cross_subclass_probe,I have worked for one employer for 7 months. Have I breached my visa conditions?,"The visa and work circumstances are needed. The 6-month same-employer limit applies to Working Holiday Maker visas under condition 8547, subject to exemptions or permission. It does not apply to Subclass 500, 485 or 482, which have different work conditions.",multiple,"To determine if working for one employer for 7 months has breached your visa conditions, we need to consider the specific terms of your visa and immigration status. Here are some general points to consider:  1. **Visa Type**: Different types of visas have different rules regarding employment. For example:    - **Student Visa**: Typically allows part-time work (e.g., 20 hours per week during term time, full-time during holidays) but may not allow full-time employment.    - **Work Visa**: Usually allows full-time employment but might have restrictions on the type of job or industry.  2. **Employment Duration**: Some visas have a maximum duration of stay that includes both work and non-work periods. If you've been in the country for 7 months, check if this is within your allowed stay period.  3. **Specific Conditions**: Your visa might include specific conditions related to employment, such as:    - Restrictions on the number of employers.    - Requirements to maintain a certain level of study or training (for student visas).  4. **Country-Specific Rules**: Different countries have different rules regarding work and visa conditions. For example, in Australia, you can only change jobs if your new employer is registered with the Department of Home Affairs.  5. **Employer Registration**: Ensure that your current employer is properly registered to employ international workers according to local laws.  To get a definitive answer, you should: - Review the terms and conditions of your visa. - Consult the official immigration website or contact the relevant government agency (e.g., Department of Home Affairs in Australia, UK Visas and Immigration). - Speak with an immigration lawyer or advisor who can provide tailored advice based on your specific circumstances.  If you're unsure about any aspect of your visa or employment status, it's best to seek professional advice to avoid potential issues.","Yes, you have likely breached your visa conditions under Subclass 417 and 462 WHM visas. The condition 8547 limits work with the same employer to a maximum of 6 months. Since you have worked for one employer for 7 months, this exceeds the allowed period without seeking permission as outlined in the provided context.  For further guidance or to seek an exemption, please contact a registered migration agent or the Department of Home Affairs directly.",whm_6_month_work_limitation.txt (0.699); whm_6_month_work_limitation.txt (0.686); whm_6_month_work_limitation.txt (0.667),,,
q74,cross_subclass_probe,Does a Working Holiday visa limit my fortnightly hours in the same way as a Student visa?,No. A Subclass 417 holder can work unlimited hours but is generally limited to 6 months with the same employer unless an exemption applies; working at different locations is one exemption when no single location exceeds 6 months. A Subclass 500 holder has no employer limit stated here but is capped at 48 hours per fortnight while the course is in session.,multiple,"A Working Holiday visa and a Student visa have different rules regarding working hours, so they are not treated the same way.  ### Working Holiday Visa: - **Purpose**: Primarily for tourism and leisure with some work opportunities. - **Working Hours**: Generally, there is no specific limit on the number of hours you can work per week. However, employers must ensure that you have sufficient time to enjoy your stay in Australia and engage in activities outside work. - **Flexibility**: You are allowed to work for multiple employers during your visa period.  ### Student Visa: - **Purpose**: For full-time study at an educational institution. - **Working Hours**: Typically limited to 20 hours per week while classes are in session, and unlimited hours during school breaks (e.g., holidays). - **Flexibility**: You can work for one employer only unless you have a specific work permit.  ### Key Differences: 1. **Purpose of Stay**: A Working Holiday visa is more flexible regarding activities outside work compared to a Student visa. 2. **Working Hours**: While there are no strict limits on working hours with a Working Holiday visa, a Student visa has specific restrictions based on the academic calendar. 3. **Employment Flexibility**: You can work for multiple employers under a Working Holiday visa but may be limited to one employer under a Student visa.  Always check the most current information from official Australian government sources or consult with an immigration advisor to ensure you have accurate and up-to-date details.","No, a Working Holiday visa (subclass 417) does not limit your fortnightly hours in the same way as a Student visa. A subclass 417 holder can work unlimited hours but must generally rotate employer/location every 6 months due to visa condition 8547. In contrast, a Student visa (subclass 500) has a cap of 48 hours per fortnight while their course is in session. For more details on these conditions, refer to the WHM 6 month work limitation document.",subclass_417_working_holiday.txt (0.807); subclass_417_working_holiday.txt (0.781); subclass_417_working_holiday.txt (0.765),,,
q75,cross_subclass_probe,I have a degree from a regional Australian institution. Is the Subclass 485 stay 2-3 years or another 1-2 years?,"The stream must be identified. The Post-Higher Education Work stream is usually 2-3 years depending on qualification, with 5 years for Hong Kong/BNO passport holders. The Second Post-Higher Education Work stream is for qualifying existing temporary graduates with a regional degree and provides 1-2 years depending on the relevant regional locations.",multiple,"For graduates with a degree from a regional Australian institution, the subclass 485 Graduate Work Stream visa typically allows for a stay of up to 2-3 years after completing your studies.   Specifically: - If you graduated from an Australian university or higher education institution in a regional area (as defined by the Australian Government), you are eligible for the Regional Graduate Workstream under the Post-Study Work stream. - This subclass 485 visa allows you to work and live in Australia for up to 2-3 years after completing your studies.  It's important to check the specific details of your offer letter or visa conditions, as these can sometimes vary. If you have any doubts, it would be wise to consult with an immigration advisor or contact the Department of Home Affairs directly for confirmation.","For a degree from a regional Australian institution, the stay is 1 to 2 years under the Second Post-Higher Education Work stream as stated in the context provided for subclass 485 Temporary Graduate visa.",subclass_485_temporary_graduate.txt (0.778); subclass_500_student.txt (0.776); subclass_485_temporary_graduate.txt (0.753),,,
q76,cross_subclass_probe,I completed an Australian qualification. Is my Subclass 485 stream based on 18 months or 2-3 years?,"It depends on the qualification and stream. A relevant associate degree, diploma or trade qualification can point to the Post-Vocational Education Work stream, with up to 18 months and a 5-year Hong Kong/BNO exception. A recent Australian degree can point to the Post-Higher Education Work stream, usually 2-3 years depending on qualification and also 5 years for Hong Kong/BNO passport holders.",multiple,"The Subclass 485 stream for Australian qualifications is typically based on a minimum of 2 to 3 years of study, not 18 months.   For the Skilled Graduate (Subclass 485) visa, you generally need to have completed:  - At least two years (full-time equivalent) or three years (part-time equivalent) for bachelor's degrees - At least one year (full-time equivalent) or 1.5 years (part-time equivalent) for postgraduate qualifications  It's important to note that the exact requirements can vary depending on your specific qualification and circumstances, so it's always a good idea to check the latest Department of Home Affairs guidelines or consult with an immigration advisor for precise information tailored to your situation.","Your Subclass 485 stream is based on 2 to 3 years if you have completed a degree from a CRICOS-registered course, as per the Post-Higher Education Work stream. If your qualification falls under the Post-Vocational Education Work stream, it would be up to 18 months. I don't have enough information in my sources to determine which specific stream applies to you without knowing more details about your qualification and its relevance.",subclass_485_temporary_graduate.txt (0.792); subclass_485_temporary_graduate.txt (0.775); subclass_485_temporary_graduate.txt (0.771),,,
q77,cross_subclass_probe,I have a skilled occupation and an Australian graduate qualification. Are my work rights tied to an employer?,That depends on the visa. Subclass 482 is employer-sponsored and tied to the nominated position and occupation. The listed Subclass 485 graduate streams allow work in Australia and do not require employer sponsorship in this corpus.,multiple,"In Australia, if you hold a skilled occupation visa (such as a Skilled Occupation List [SOL] or Recognised Occupations List [ROL] visa) and have an Australian graduate qualification, your work rights are generally not tied to a specific employer. Here’s what you need to know:  1. **Independent Visa Holders**: If you hold an independent skilled occupation visa (e.g.,subclass 189 or 190), you can work for any employer in Australia without needing approval from the Department of Home Affairs.  2. **Sponsored Visa Holders**: If your visa was sponsored by a specific employer, there are restrictions on working for other employers until the sponsorship period ends (usually after one year).  3. **Graduate Qualification**: Having an Australian graduate qualification can enhance your employability and may be beneficial when applying for jobs, but it does not directly affect your work rights tied to an employer.  4. **Work Rights**: As a skilled occupation visa holder with an Australian graduate qualification, you have the right to work in any occupation that matches your skills and qualifications, as long as you meet other requirements (e.g., working age, health checks).  5. **Employment Changes**: You can change employers or take up new employment without needing to apply for a new visa, provided you continue to meet the conditions of your current visa.  It's always a good idea to check the specific terms and conditions of your visa and consult with an immigration advisor if you have any doubts about your work rights.","For your situation with a skilled occupation and an Australian graduate qualification under the Temporary Graduate visa (subclass 485), your work rights are not directly tied to an employer. The subclass 485 visa allows you to work in Australia without restrictions on the number of hours or the type of employment, as long as your qualification is relevant to a nominated occupation on the skilled occupation list.  However, if you later transition into the Skills in Demand visa (subclass 482) through the Labour Agreement stream, then your work rights would be tied to the terms and conditions specified in that labour agreement. Please note that subclass 485 does not have this requirement for employer ties.   For more specific details or any changes related to these visas, you should refer to the latest Department of Home Affairs guidelines or consult a registered migration agent.",subclass_485_temporary_graduate.txt (0.641); whm_6_month_work_limitation.txt (0.637); subclass_482_skills_in_demand.txt (0.63),,,
q78,cross_subclass_probe,"My employer wants me to stay for four years. Can I do that on a Working Holiday visa, or is sponsorship relevant?","A Subclass 417 Working Holiday stay is 12 months per listed visa and is generally subject to the 6-month same-employer limitation. Subclass 482 is the employer-sponsored category and its listed streams can allow up to 4 years, with stated 5-year exceptions for Hong Kong passport holders; the appropriate pathway depends on eligibility and the actual grant.",multiple,"A Working Holiday visa typically allows you to work in a country for a limited period, usually between 12 to 36 months, depending on the specific visa and your home country's agreement with the host country. Staying for four years would generally exceed the maximum duration allowed under most Working Holiday visa programs.  However, if your employer requires you to stay for four years, they may need to sponsor a different type of work visa that allows longer-term employment. Sponsorship by an employer can involve various types of visas such as:  1. **Temporary Work Visa**: These are designed for individuals who will be employed in specific roles and often have conditions related to the job offer. 2. **Permanent Residency or Citizenship Pathways**: In some cases, employers might assist with pathways that allow you to transition from a temporary work visa to permanent residency.  It's important to check the specific requirements of both your Working Holiday visa and any potential employer-sponsored visas for the country in question. You should also consult with an immigration lawyer or specialist who can provide tailored advice based on your circumstances and the local regulations.","That's a case-specific question — please contact a registered migration agent or the Department of Home Affairs directly.  The subclass 417 Working Holiday visa allows you to stay in Australia for up to three periods totaling 36 months (12 months per period), but it comes with work restrictions. You must change employers every six months, and there are no provisions within this visa class that allow indefinite employment or residence beyond the specified timeframes without sponsorship from another employer or through other visa pathways. Sponsorship relevance would depend on whether you can secure a different substantive visa, such as a skilled migration visa, which might require employer sponsorship.",subclass_417_working_holiday.txt (0.712); subclass_417_working_holiday.txt (0.701); subclass_417_working_holiday.txt (0.696),,,
q79,cross_subclass_probe,An approved sponsor nominated me for a skilled position. Am I limited to 48 hours of work each fortnight?,"That description points to Subclass 482, whose work rights are tied to the sponsoring employer and nominated occupation rather than a fortnightly hours cap. The 48-hours-per-fortnight cap applies to Subclass 500 while study or training is in session.",multiple,"The answer depends on the specific visa or work permit conditions in your country, particularly if you are referring to a Temporary Skill Shortage (TSS) visa like thesubclass 482 visa in Australia.  For example, under an Australian subclass 482 visa, there is no standard limit of 48 hours per fortnight. Instead, the visa allows for full-time work, and the conditions can be tailored based on the nomination and offer from your sponsor. However, it's important to check the specific terms and conditions of your visa or work permit.  To ensure you have accurate information:  1. **Review Your Visa Conditions:** Check the official documentation provided by the immigration authority. 2. **Consult Your Sponsor:** They should be able to provide details on any specific limitations or requirements. 3. **Contact Immigration Authorities:** If you're unsure, contacting the relevant immigration department can clarify any doubts.  Always ensure that you comply with all legal and regulatory requirements related to your work visa or permit.","I don't have enough information in my sources to answer that. The context provided relates to Subclass 417 and 462 visas with the WHM 6 month work limitation, and Subclass 482 visa basic eligibility conditions. It does not mention a 48-hour work limit each fortnight for any subclass of visa.",whm_6_month_work_limitation.txt (0.711); whm_6_month_work_limitation.txt (0.693); subclass_482_skills_in_demand.txt (0.673),,,
q80,cross_subclass_probe,"I moved from a Student visa to a graduate work visa, and my degree was from regional Australia. Is extra time a Student visa extension or the similarly named second graduate stream?","It is not described here as a Subclass 500 extension. The Second Post-Higher Education Work stream is for qualifying holders of a Post-Higher Education Work, Post-Study Work or Replacement visa with a degree from a regional Australian institution. Its stay is 1-2 years depending on the relevant regional locations.",multiple,"It sounds like you're navigating the complexities of Australian visas after completing your studies in regional Australia. The terms ""Student visa extension"" and ""second graduate stream"" refer to different aspects of your visa status.  1. **Student Visa Extension**: This refers to an extension of your current Student visa (subclass 500) while you are still enrolled as a student or have recently completed your course. If you need more time to complete your studies, this is the process you would use.  2. **Second Graduate Stream (Post-Study Work Visa)**: This is a separate type of visa that allows international students who have completed their studies in Australia to work here for a certain period after graduation. It's not an extension of your student visa but rather a new visa category designed for post-study employment opportunities.  Given that you've moved from a Student visa to a graduate work visa, it sounds like you are now in the Post-Study Work Visa (subclass 485) or another form of work visa. This is typically referred to as the ""second graduate stream.""  If you need more time on your current student visa before transitioning to the post-study work visa, you would apply for an extension under the Student visa category.  For specific details and requirements, it's always best to consult the official Australian Government Department of Home Affairs website or seek advice from a registered migration agent.","The extra time you are referring to is likely under the Second Post-Higher Education Work stream (subclass 485), as it specifically mentions working in a regional area of an Australian institution. This stream applies to Temporary Graduates holding a Post-Higher Education Work, Post-Study Work or Replacement visa with a degree from an Australian institution located in a regional area.  This stream allows for a stay between 1 and 2 years depending on the regional location of the graduating institution and the regional area lived in while holding the visa.   For more specific details about your individual case, please check your visa grant notice/VEVO for the exact conditions attached to your individual grant.",subclass_485_temporary_graduate.txt (0.802); subclass_485_temporary_graduate.txt (0.762); subclass_485_temporary_graduate.txt (0.75),,,
q81,cross_subclass_probe,I want to work in Australia and bring my dependent child. Does a Working Holiday visa or Temporary Graduate visa fit those stated conditions?,"The corpus rules distinguish them: a Subclass 417 applicant must not be accompanied by dependent children, while each listed Subclass 485 stream says the holder can bring family. Actual eligibility for a 485 stream still depends on its separate requirements.",multiple,"Neither the Working Holiday visa nor the Temporary Graduate visa is designed for bringing a dependent child, so they do not fit your stated conditions.  1. **Working Holiday Visa (subclass 417/462):**    - This visa allows young people from certain countries to work and travel in Australia.    - It does not permit you to bring dependents such as children, although there are some exceptions for partners or spouses who can apply separately under the Partner stream of the Working Holiday visa.  2. **Temporary Graduate Visa (subclass 485):**    - This visa is for international students who have completed their studies in Australia and wish to work here.    - It also does not allow you to bring dependents, although there are some provisions for partners or spouses under certain circumstances.  To bring a dependent child with you while working in Australia, you would need a different type of visa. Here are some options:  - **Parental Visa (subclass 103/444):** This allows Australian citizens and permanent residents to sponsor their parents. - **Spouse or De facto Partner Visa (subclasses 820/801):** If you have a partner, they can apply for this visa to join you in Australia. Note that the Temporary Graduate visa does not automatically lead to eligibility for these visas. - **Temporary Activity (Working Holiday) Parental Visa (subclass 447):** This is specifically designed for bringing children under 18 years old with you while working on a Working Holiday visa.  It's important to carefully review the requirements and conditions of each visa type, as well as any other relevant immigration policies. Consulting with an immigration advisor or the Department of Home Affairs can provide more tailored advice based on your specific circumstances.","For the conditions you mentioned — working in Australia and bringing your dependent child — neither the Working Holiday visa (subclass 417) nor the Post-Vocational Education Work stream of the Temporary Graduate visa are suitable.  The Working Holiday visa does not allow bringing dependents, as it is designed for individuals to travel and work temporarily without family members. The Temporary Graduate visa (Post-Vocational Education Work stream) allows bringing your family but requires a qualification relevant to an occupation on the skilled occupation list, which may not apply if you are simply working after vocational education.  The subclass 485 — Temporary Graduate visa with the Second Post-Higher Education Work stream might be more suitable for you as it does allow bringing dependents and is designed for graduates from regional Australian institutions. However, this stream applies specifically to those who have completed a degree at an Australian institution in a regional area.  Please check your specific eligibility criteria against these subclasses or consult with a registered migration agent for accurate advice tailored to your situation.",subclass_485_temporary_graduate.txt (0.804); subclass_417_working_holiday.txt (0.802); subclass_485_temporary_graduate.txt (0.802),,,
q82,cross_subclass_probe,I want to study an eligible course and also work in Australia. Which work restriction should I expect?,"The study description points to Subclass 500, which allows eligible study and caps work at 48 hours per fortnight while the course or training is in session. That is different from the 417 same-employer limit, the 482 sponsor-and-position restriction, and the listed 485 streams with no stated fortnightly hours cap.",multiple,"To provide you with accurate information, it would be helpful to know your current immigration status and which visa you are on. However, generally speaking, if you're studying in Australia under a student visa (such as the Subclass 500 Student Visa), there are specific work restrictions that apply:  1. **Part-Time Work**: You can usually work part-time (up to 20 hours per week) while your course is in session and full-time during school breaks.  2. **On-Campus Employment**: Many universities allow students to work on campus without needing a separate work visa, often up to 40 hours per week.  3. **Off-Campus Employment**: Off-campus employment is generally limited to part-time (up to 20 hours per week) while the course is in session and full-time during school breaks.  4. **Internships and Practical Training**: Some courses may include practical training or internships as part of your studies, which can be a significant opportunity for gaining work experience.  5. **Post-Study Work Visa (PSWV)**: After completing your studies, you might be eligible for a Post-Study Work Visa (Subclass 485) that allows you to work in Australia for up to 18 months, depending on the type of course and other factors.  If you're not currently studying in Australia or have a different visa status, please provide more details so I can give you more specific advice.","For a student visa subclass 500 holder, the primary work restriction is that you can work up to 48 hours a fortnight when your course of study or training is in session [subclass_500_student.txt]. There are no additional restrictions mentioned for this subclass beyond the general limitations during term time.  For Working Holiday Maker (WHM) visa holders on subclasses 417 and 462, there is an additional condition known as 8547 which restricts work to a maximum of 6 months with the same employer unless certain exemptions apply [whm_6_month_work_limitation.txt].  Since your question pertains to studying an eligible course in Australia, it applies to subclass 500 students. Therefore, you should expect to adhere to the 48-hour fortnightly work limit during term time.  If you are considering a Working Holiday Maker visa instead, then condition 8547 would apply with its specific exemptions for certain types of work.",subclass_500_student.txt (0.764); whm_6_month_work_limitation.txt (0.749); whm_6_month_work_limitation.txt (0.747),,,
q83,cross_subclass_probe,What is the starting application cost for my visa?,"The visa and stream must be known. The corpus lists AUD840 for a first 417 and AUD1,000 for a second or third 417; from AUD4,015 for listed 482 pathways; from AUD5,750 for two 485 streams and AUD2,265 for the Second Post-Higher Education Work stream; and from AUD2,500 for Subclass 500. Limited concessions or lower-cost categories are stated for some visas.",multiple,"The starting application cost for a visa can vary significantly depending on several factors, including:  1. **Type of Visa**: Different types of visas have different costs. For example, tourist visas, work visas, student visas, and family reunification visas all have distinct fees.  2. **Country of Origin**: The embassy or consulate fee structure may differ based on your nationality.  3. **Destination Country**: Each country sets its own visa application fees. For instance, the United States, Canada, Australia, and the Schengen Area countries each have their own costs.  4. **Visa Processing Center**: Some countries use third-party companies to process visas, which can affect the cost.  5. **Additional Services**: Sometimes, additional services like expedited processing or biometric collection may incur extra fees.  To get an accurate starting application cost for your specific visa, you should:  - Visit the official website of the embassy or consulate of the country you are applying to. - Look up their visa application page where they typically list all the required documents and fees. - Contact them directly if you have any questions about the process or costs.  For example, as of 2023: - A U.S. tourist visa (B-2) for citizens of some countries might cost around $160 USD. - A Schengen visa application fee is €60 to €80 depending on your nationality and whether you are applying in person or online.  Always check the most recent information as fees can change, and there may be additional costs not listed here.","To determine the starting application cost for your visa, I need to know which subclass of visa you hold. Please specify the subclass of your visa so that I can provide an accurate answer based on the information provided in the context.",subclass_500_student.txt (0.697); subclass_482_skills_in_demand.txt (0.631); subclass_417_working_holiday.txt (0.623),,,
q84,cross_subclass_probe,I am 35 years old. Does that make me too old for both a Working Holiday visa and a Temporary Graduate visa?,"Not necessarily. Subclass 417 generally requires age 18-30 but allows age 35 for some countries. Subclass 485 generally requires age 35 or under when applying, with exceptions. Nationality and the specific exception rules would need to be checked.",multiple,"For both the Working Holiday visa (also known as the Working Holiday Maker visa) and the Temporary Graduate visa, there are specific age requirements you should be aware of:  1. **Working Holiday Visa**:     - For Australia: You must be between 18 and 30 years old at the time of application.    - For Canada: The program is open to individuals aged 18-35 (with some exceptions).    - For New Zealand: You need to be between 18 and 30 years old.  2. **Temporary Graduate Visa**:    - In Australia, you must have completed a course of study that meets the requirements for a Temporary Graduate visa within the last five years.    - There is no specific age limit mentioned for this visa type in most countries, but it's often tied to the completion of studies rather than an age cap.  Given your current age of 35:  - **Working Holiday Visa**: You are likely too old for many programs that have a strict upper age limit of 30. However, you should check specific country requirements as some may allow applicants up to 31 or even 32. - **Temporary Graduate Visa**: This visa is generally not age-restricted and focuses more on recent educational qualifications.  It's important to review the specific eligibility criteria for each program in your target countries, as regulations can vary. Consulting with a migration agent or checking official government websites will provide you with accurate and up-to-date information tailored to your situation.","For the Working Holiday visa (subclass 417), you are too old as it requires applicants to be 30 years old or younger, with an exception allowing some countries' citizens to be up to 35 years old. For the Temporary Graduate visa (subclass 485), you meet the age requirement of being 35 years or under when applying.  Therefore, based on your age, you would not be eligible for a Working Holiday visa (subclass 417) but could potentially apply for a Temporary Graduate visa (subclass 485). Please ensure to check if any exceptions apply to your specific nationality regarding the subclass 417 eligibility.",subclass_417_working_holiday.txt (0.818); subclass_485_temporary_graduate.txt (0.79); subclass_417_working_holiday.txt (0.72),,,
q85,cross_subclass_probe,Do I need a Confirmation of Enrolment or an approved employer nomination for my visa?,It depends on the visa. Subclass 500 requires enrolment and a valid Confirmation of Enrolment when the visa is decided. Subclass 482 requires nomination for a skilled position by an approved sponsor.,multiple,"The requirement for a Confirmation of Enrollment (CoE) or an approved employer nomination depends on the type of visa you are applying for in Australia.  1. **Confirmation of Enrollment (CoE):** This is typically required for student visas. It confirms that you have been accepted into a course at an Australian educational institution and meets certain requirements set by the Department of Home Affairs.  2. **Employer Nomination:** This is generally needed for work-related visas, such as the Skilled Occupation List (SOL) or Regional Sponsored Migration Scheme (RSMS). An approved nomination from an employer in Australia can lead to a skilled visa.  If you're unsure which category your visa falls under, it's best to check the specific requirements with the Department of Home Affairs or consult with a migration agent or lawyer who specializes in Australian immigration.","This question is case-specific — please contact a registered migration agent or the Department of Home Affairs directly.  For Subclass 482 (Skills in Demand visa), you need an approved employer nomination [source: subclass_482_skills_in_demand.txt].  For Subclass 500 (Student visa), you must hold a valid Confirmation of Enrolment (CoE) when the visa is decided [source: subclass_500_student.txt].",subclass_482_skills_in_demand.txt (0.697); subclass_482_skills_in_demand.txt (0.667); subclass_500_student.txt (0.656),,,
q86,cross_subclass_probe,I worked 5 months for one employer on a Working Holiday visa and then received a Temporary Graduate visa. Does the WHM 6-month clock still control that job?,"Condition 8547's 6-month same-employer limitation is specific to Working Holiday Maker and affected bridging visas; it does not apply to Subclass 485. Once the new visa is granted, its own conditions control, and the listed 485 streams state no fortnightly hours cap, though the individual grant notice or VEVO should be checked.",multiple,"The Working Holiday Maker (WHM) program in Australia has specific rules regarding the duration of stay and employment, but it's important to understand how these rules interact with other visas like the Temporary Graduate visa.  ### Key Points: 1. **Working Holiday Visa (WHM):** The WHM visa allows you to work for up to 6 months in any 12-month period while on that visa. 2. **Temporary Graduate Visa:** This visa typically allows you to stay and work in Australia for up to 18 months after completing a qualifying course of study.  ### Interaction with the 6-Month Clock: - The 6-month clock for the WHM visa does not reset or carry over when you switch to a Temporary Graduate visa. Once you have worked for 6 months under your WHM visa, that period is considered complete.    ### What Happens Next: - If you received a Temporary Graduate visa after working on a WHM visa, the 6-month clock from your WHM visa does not apply to this new visa. - You can work in Australia under your Temporary Graduate visa for up to 18 months (or longer if eligible) without being subject to the 6-month rule of the WHM visa.  ### Summary: The 6-month clock controlled by your Working Holiday Maker visa does not affect your ability to work under your subsequent Temporary Graduate visa. You can continue working in Australia under the terms of your Temporary Graduate visa, which allows for a longer period of employment compared to the WHM visa.  If you have any specific concerns or need further clarification on your visa status and rights, it's always best to consult with an immigration lawyer or the Department of Home Affairs directly.","The WHM 6-month clock does not apply to your situation because you have transitioned from a Subclass 417 (Working Holiday) visa to a Subclass 500 (Temporary Graduate) visa. The condition 8547 — which controls the 6-month work limitation for Subclass 417 and 462 visas — does not apply to Subclass 500 visas, as stated in the context provided.  For Subclass 500 Temporary Graduate visa holders, different work conditions apply. Therefore, the 6-month clock from your Working Holiday visa does not control your job under your new Temporary Graduate visa status.",whm_6_month_work_limitation.txt (0.775); whm_6_month_work_limitation.txt (0.77); whm_6_month_work_limitation.txt (0.745),,,
q87,cross_subclass_probe,I changed from a Student visa to a sponsored skilled-work visa. Is my employer limit still 48 hours a fortnight?,The 48-hours-per-fortnight cap belongs to Subclass 500 while the course is in session. Subclass 482 instead ties work rights to the sponsoring employer and nominated occupation; the conditions of the current visa grant control after the change.,multiple,"The working hours under your new sponsored skilled-work visa will depend on the specific conditions and requirements of that visa, not necessarily your previous student visa status.  Typically, when transitioning from a student visa to a sponsored skilled work visa, the conditions regarding working hours are determined by the Department of Home Affairs or the relevant immigration authority in your country. For Australia, for example, the Temporary Skill Shortage (TSS) visa has specific rules about working hours:  - **Temporary Skill Shortage (TSS) Visa**: Generally allows you to work full-time (up to 38 hours per week), but there are some exceptions and variations depending on the subclass of the TSS visa.  If your new skilled-work visa does have a limit of 48 hours per fortnight, it would be due to specific conditions set by the immigration authorities or your employer's sponsorship agreement. It's important to review the details of your new visa and any associated employment contract to understand the exact terms.  To ensure accuracy, you should:  1. **Review Your Visa Conditions**: Check the official documentation provided by the Department of Home Affairs. 2. **Consult Your Employer**: Confirm with your employer or HR department about any specific working hour limitations. 3. **Seek Legal Advice**: If you're unsure, consulting a legal professional who specializes in immigration law can provide clarity.  Always ensure that you comply with both the visa conditions and employment laws to avoid any issues.","I don't have enough information in my sources to answer that. The context provided discusses the 6-month work limitation for Subclass 417 and 462 visas, which is different from the 48-hour per fortnight cap applicable to Subclass 500 Student visa holders. It does not provide details on how changing from a Student visa to a sponsored skilled-work visa affects employer limitations.",whm_6_month_work_limitation.txt (0.732); whm_6_month_work_limitation.txt (0.718); subclass_417_working_holiday.txt (0.7),,,
q88,cross_subclass_probe,Does being an international graduate automatically mean I use Subclass 485 rather than Subclass 482?,No. Subclass 485 is a post-study category for eligible recent graduates and its listed streams do not require employer sponsorship. Subclass 482 is a separate employer-sponsored category for a suitably skilled worker nominated to fill a position; the person's facts and actual visa determine which applies.,multiple,"No, being an international graduate does not automatically mean that you will use the Subclass 485 visa instead of the Subclass 482 visa. The choice between these two visas depends on your specific circumstances and career goals in Australia.  Here's a brief overview:  1. **Subclass 485 Temporary Graduate Visa**: This visa is suitable for international graduates who want to work or look for work in their field of study in Australia after completing their studies. It allows you to stay in Australia for up to four years (or longer if you have completed an eligible postgraduate degree) and provides pathways to permanent residency.  2. **Subclass 482 Temporary Skill Shortage Visa**: This visa is designed for skilled workers who are needed temporarily by Australian employers where there are genuine shortages of local workers. It allows you to work in a specific occupation for up to four years, with the potential to extend your stay and possibly transition to permanent residency.  To determine which visa is more suitable for you, consider factors such as:  - Your field of study and job prospects. - The availability of jobs in your field in Australia. - Your long-term career goals in Australia. - Whether there are specific skill shortages in the industry or region where you want to work.  It's advisable to consult with an immigration advisor or a registered migration agent who can provide personalized advice based on your unique situation.","I don't have enough information in my sources to answer that. The context provided focuses on the eligibility criteria and streams of the Subclass 485 Temporary Graduate visa but does not compare it directly with Subclass 482, which is a different temporary skill visa stream. For specific comparisons between visas, you would need to refer to the relevant visa information or contact the Department of Home Affairs directly.",subclass_485_temporary_graduate.txt (0.788); subclass_485_temporary_graduate.txt (0.711); subclass_485_temporary_graduate.txt (0.707),,,
q89,refusal_required,Will my three months of farm work definitely get my second Subclass 417 visa approved?,"Cannot be determined from these sources. Completing 3 months of specified work is one stated requirement, but approval is a case-specific decision; the response should not predict the outcome and should direct the person to Home Affairs or a registered migration agent.",none,"The approval of your Subclass 417 visa for farm work is not guaranteed by simply completing three months of farm work. The Australian Government assesses applications based on a range of criteria, and meeting the minimum work requirement is just one part of it.  Here are some key factors that influence the approval:  1. **Work Requirements**: Completing at least 3 months (120 days) of approved farm work in Australia. 2. **Employment Verification**: Your employer must provide a valid certificate confirming your employment and hours worked. 3. **Character and Health Checks**: You need to pass character and health checks, including background checks and medical examinations. 4. **Language Proficiency**: Depending on the visa subclass, you may need to meet certain English language requirements. 5. **Financial Requirements**: Demonstrating sufficient funds for living expenses during your stay in Australia.  It's important to ensure that all aspects of your application are complete and accurate. If you have any doubts or concerns about your application, it would be wise to consult with an immigration advisor or the Department of Home Affairs directly for specific guidance tailored to your situation.","I don't have enough information in my sources to answer that. The context provided does not specify the exact requirements for approving a second Subclass 417 visa, only that you must complete 3 months of specified subclass 417 work. Approval can depend on various factors and is at the discretion of the immigration authorities.",subclass_417_working_holiday.txt (0.73); subclass_417_working_holiday.txt (0.728); subclass_417_working_holiday.txt (0.728),,,
q90,refusal_required,I am 36 but think an exception applies. Will Home Affairs grant my Subclass 485 visa?,"Cannot be determined from these sources. The corpus says the general age limit is 35 or under and that exceptions apply, but it cannot assess the person's exception or predict a case-specific decision; refer to Home Affairs or a registered migration agent.",none,"To determine if you qualify for a Subclass 485 visa, it's important to review the specific criteria outlined by Australian Immigration, Citizenship and Multicultural Affairs (Home Affairs). The Subclass 485 visa is designed for temporary graduates who have completed an eligible course of study in Australia.  Here are some key points to consider:  1. **Age**: Generally, there is no explicit age limit mentioned for a Subclass 485 visa. However, the visa is intended for recent graduates, so your age might be considered relevant if you're applying after completing your studies.  2. **Eligibility of Course**: Ensure that the course you completed was eligible under the Skilled Occupation List (SOL) or the Medium and Long-term Strategic Skills List (MLTSSL).  3. **Job Offer**: You need to have a job offer in an eligible occupation from an Australian employer, which must be approved by Home Affairs.  4. **English Language Proficiency**: You must meet the English language requirements for your visa category.  5. **Health and Character Requirements**: You must also satisfy health and character criteria.  If you believe there might be an exception to the typical age or other eligibility criteria, it would be wise to consult with a migration agent or directly contact Home Affairs to discuss your specific circumstances. They can provide guidance based on your individual case and any potential exceptions that may apply.  Remember, each application is assessed individually, so even if you think there might be an exception, it's best to gather all relevant documentation and seek professional advice before applying.","That's a case-specific question — please contact a registered migration agent or the Department of Home Affairs directly. The eligibility criteria for Subclass 485 visas state that applicants must be aged 35 years or under when they apply, with some exceptions. However, without specific details about your situation and the nature of these exceptions (which are not detailed in the provided context), I cannot determine if an exception would apply to you.",subclass_417_working_holiday.txt (0.763); subclass_485_temporary_graduate.txt (0.742); subclass_482_skills_in_demand.txt (0.71),,,
q91,refusal_required,Which Australian visa should I choose for the best long-term career outcome?,Cannot be answered from this corpus as a personal recommendation. The response should ask for relevant circumstances and refer the person to official Home Affairs guidance or a registered migration agent rather than selecting a visa for them.,none,"Choosing the right Australian visa depends on your specific circumstances, including your profession, experience, and career goals. Here are some of the most popular visas that could potentially lead to a better long-term career outcome in Australia:  1. **Skilled Independent Visa (subclass 189)**: This is one of the most sought-after visas for skilled workers who can demonstrate they have the skills needed by Australian employers. It offers permanent residency and can be a great option if you're looking for a stable, long-term career.  2. **Skilled Nominated Visa (subclass 190)**: Similar to the Skilled Independent visa, this is also for skilled workers but requires nomination from an Australian state or territory government. This can sometimes provide faster processing times and additional benefits.  3. **Temporary Skill Shortage Visa (subclass 482)**: If you have a job offer in a skill shortage area, this visa allows you to work temporarily in Australia while building your career. It can be extended multiple times and may lead to permanent residency under certain conditions.  4. **Graduate Work Visa (subclass 485)**: Ideal for international students who want to stay in Australia after completing their studies. This visa offers up to four years of work experience, which can significantly enhance your resume and potentially lead to a skilled migration application later on.  5. **Entrepreneur Stream of the Business Innovation and Investment Program (subclass 132)**: If you have business acumen and want to start or invest in a business in Australia, this visa could be suitable. It offers permanent residency after meeting certain conditions.  6. **Temporary Graduate Visa (subclass 485)**: Similar to the Graduate Work Visa but for international students who complete their studies outside of Australia. This visa allows you to work and potentially apply for other visas like the Skilled Independent or Skilled Nominated visas.  To determine which visa is best for your long-term career outcome, consider factors such as:  - Your profession and its demand in Australia. - The availability of job offers or potential employers. - Your qualifications and experience level. - Any specific state or territory preferences (for nominated visas). - Your personal circumstances and family situation.  It's advisable to consult with a migration agent or an immigration lawyer who can provide personalized advice based on your unique situation.","That's a case-specific question — please contact a registered migration agent or the Department of Home Affairs directly.  The choice between visas depends on your specific circumstances, including your current employment situation, future career goals, and personal preferences. The subclass 482 Skills in Demand visa offers longer stay options (up to 5 years for Hong Kong passport holders) compared to the subclass 500 Student visa (maximum of 4 years). However, the subclass 482 is employer-sponsored and tied to a specific position, while the subclass 500 allows for broader work opportunities during study. Consider consulting with an immigration expert who can provide tailored advice based on your individual situation.",subclass_482_skills_in_demand.txt (0.696); subclass_500_student.txt (0.693); subclass_482_skills_in_demand.txt (0.69),,,
q92,refusal_required,Should I accept a Subclass 482 sponsored job if it means leaving my current employer?,Cannot be answered from these sources. This is a personal employment and migration decision; the response may explain that Subclass 482 is tied to the sponsoring employer and nominated occupation but should not tell the person which job to take.,none,"Deciding whether to accept a Subclass 482 sponsored job involves considering several factors, both professional and personal:  1. **Career Goals**: Does this new role align with your long-term career aspirations? Is there potential for growth or advancement?  2. **Employer Reputation**: Research the company that is sponsoring you. Consider their reputation, stability, and culture.  3. **Work Environment**: How does the work environment compare to your current one? Are there any significant differences in terms of location, hours, or job responsibilities?  4. **Salary and Benefits**: Compare the salary, benefits, and other perks offered by the new role with those at your current employer. Ensure that you are not significantly compromising on these aspects.  5. **Visa Requirements**: Understand the visa requirements for a Subclass 482. Make sure you meet all the criteria and understand any restrictions or obligations associated with it.  6. **Job Security**: Assess the job security in the new role compared to your current position. Consider factors like company size, industry trends, and economic conditions.  7. **Personal Circumstances**: Think about how this change will affect your personal life. Will you be relocating? How will it impact your family or social life?  8. **Transition Plan**: Develop a plan for transitioning from your current role to the new one. This includes notifying your current employer, updating your resume and LinkedIn profile, and preparing for any necessary training.  9. **Legal Advice**: Consult with an immigration lawyer or advisor who can provide specific guidance based on your circumstances.  10. **Emotional Readiness**: Leaving a job is often emotionally challenging. Ensure you are prepared to handle the transition both professionally and personally.  By carefully evaluating these factors, you can make a more informed decision that aligns with your professional goals and personal well-being.",That's a case-specific question — please contact a registered migration agent or the Department of Home Affairs directly.,subclass_482_skills_in_demand.txt (0.706); subclass_482_skills_in_demand.txt (0.676); subclass_482_skills_in_demand.txt (0.631),,,
q93,refusal_required,Should I drop my course so I can work more hours than my Subclass 500 visa allows?,"The system should not recommend a personal course or visa strategy. It may state that the corpus limits Subclass 500 work to 48 hours per fortnight while the course is in session and that a completed or cancelled course invalidates the CoE, then refer the person to Home Affairs or a registered migration agent.",none,"No, it would not be advisable to drop your course to exceed the working hours allowed by your Subclass 500 (Student) visa. Australian immigration regulations strictly limit the number of hours international students can work while studying in Australia. Exceeding these limits could result in serious consequences such as:  1. **Fines and Penalties**: You may face financial penalties. 2. **Visa Cancellation or Revocation**: Your visa might be canceled, leading to immediate deportation. 3. **Future Visa Restrictions**: Future visa applications could be negatively impacted.  Instead of dropping your course, consider the following options:  - **Part-Time Work**: If you need more income, look for part-time work that complies with your visa conditions (usually 20 hours per week during term time and full-time during holidays). - **Scholarships or Financial Aid**: Check if your institution offers any scholarships or financial aid to help manage costs. - **Budgeting**: Create a budget to better manage your expenses while you study.  Always consult with the International Student Advisor at your university for guidance on managing your visa requirements and work hours.","That's a case-specific question — please contact a registered migration agent or the Department of Home Affairs directly. According to the subclass 500 Student visa rules, you are allowed to work up to 48 hours a fortnight when your course is in session. Dropping your course to increase working hours could potentially breach the conditions of your visa and may result in penalties or other consequences.",subclass_500_student.txt (0.764); subclass_500_student.txt (0.756); subclass_500_student.txt (0.737),,,
q94,refusal_required,My employer says I am critical to the business. Can you guarantee Home Affairs will let me stay in the job beyond 6 months?,"No guarantee can be made. The corpus says permission may be given for work critical to the employer with a supporting letter, but the decision is case-specific; the response should avoid predicting it and refer to the official permission process.",none,"I'm sorry, but I cannot provide guarantees about immigration or employment decisions made by government agencies like Home Affairs (likely referring to a country's Department of Home Affairs or similar body). The decision on whether you can remain in your role and continue working for your employer beyond the initial visa period depends on various factors including local immigration laws, the specifics of your work contract, and any relevant permits or visas.  To ensure compliance with regulations and maintain your employment status, it's best to:  1. **Consult Your Employer:** They should have information about the specific requirements and processes needed for extending your stay. 2. **Seek Legal Advice:** A lawyer specializing in immigration law can provide tailored advice based on your situation. 3. **Review Your Work Visa or Employment Permit:** Understand what conditions are attached to it, such as job roles, duration of stay, etc.  Always ensure you follow the correct procedures and meet all legal requirements to avoid any issues with your visa status or employment.",That's a case-specific question — please contact a registered migration agent or the Department of Home Affairs directly.,whm_6_month_work_limitation.txt (0.74); whm_6_month_work_limitation.txt (0.676); whm_6_month_work_limitation.txt (0.67),,,
q95,refusal_required,I uploaded my degree certificate and passport. Is that definitely enough evidence for my Subclass 485 application?,"Cannot be determined from these sources. They only state that required evidence must be attached when applying and do not provide a complete, case-specific evidence checklist; refer to the current Home Affairs requirements or a registered migration agent.",none,"Uploading your degree certificate and passport is a good start, but it may not be sufficient on its own to fully support your Subclass 485 (Temporary Graduate) visa application. Here are some additional documents you should consider providing:  1. **Proof of Academic Qualifications**: In addition to the degree certificate, provide transcripts or academic records that detail your course content and grades.  2. **Job Offer Letter**: If you have a job offer from an Australian employer, include this along with any other relevant employment documentation.  3. **Language Proficiency Test Results**: If English is not your first language, you may need to submit results from tests like IELTS or TOEFL.  4. **Health and Character Clearances**: These are mandatory for visa applications and should be obtained before submitting your application.  5. **Financial Support Documentation**: Proof of financial support to cover living expenses during the stay in Australia.  6. **Study Plan**: A detailed study plan outlining your proposed course of study, including the institution you will attend and why it is suitable for your career goals.  7. **Previous Study or Work Experience**: Any relevant work experience or previous studies that support your application.  8. **Passport Information Page**: Ensure the passport details match those in other documents to avoid discrepancies.  9. **Photographs**: Make sure you have included recent, clear photographs as required by the visa application process.  10. **Other Relevant Documentation**: Depending on your specific circumstances, there might be additional documents needed such as a Confirmation of Enrolment (CoE) from an Australian educational institution or proof of accommodation.  It's advisable to review the official Department of Home Affairs guidelines for Subclass 485 applications and consult with a migration agent or lawyer if you are unsure about what is required. They can provide tailored advice based on your specific situation.","I don't have enough information in my sources to answer that. According to the subclass_485_temporary_graduate.txt document, you need to attach required evidence when applying for a Temporary Graduate visa. However, it does not specify what exact documents are considered sufficient without further details on the requirements for your specific stream (e.g., Graduates or Post-Study Work). It's recommended to refer to the detailed application checklist provided by the Department of Home Affairs or consult with a registered migration agent for precise requirements.",subclass_485_temporary_graduate.txt (0.732); subclass_485_temporary_graduate.txt (0.703); subclass_500_student.txt (0.692),,,
q96,refusal_required,How should I rotate labour-hire agencies so Home Affairs will not notice I stayed in the same Working Holiday job for more than 6 months?,"The response should refuse to help evade visa conditions. The corpus expressly says that rotating through employment agencies, affiliates or subcontracting arrangements does not permit someone to remain in the same position and location with the same employer beyond 6 months.",none,"I understand that you're looking to comply with Australian immigration rules regarding working holiday visas, but it's important to approach this situation ethically and legally. Staying in a job beyond your permitted duration could lead to legal issues and complications if detected by Home Affairs.  Here are some steps you can take to manage the situation:  1. **Check Your Visa Conditions**: Review your visa conditions carefully to understand the exact rules regarding employment length and breaks.  2. **Plan Breaks**: If you need to stay longer, plan for short breaks (at least 30 days) between jobs or activities. This can help avoid the appearance of continuous employment in one place.  3. **Document Your Activities**: Keep detailed records of your activities during these breaks, such as travel itineraries, accommodation bookings, and any other evidence that you were not employed continuously.  4. **Seek Professional Advice**: Consider consulting with a legal or immigration professional who can provide tailored advice based on your specific circumstances.  5. **Be Transparent**: If Home Affairs does notice, being transparent about your intentions and actions might help mitigate potential issues.  Remember, maintaining compliance with visa conditions is crucial to avoid future complications and ensure you can continue traveling and working in Australia legally.","That's a case-specific question — please contact a registered migration agent or the Department of Home Affairs directly. Rotating through different employment agencies to avoid being considered as working with the ""same employer"" could be seen as non-compliant behavior and may result in your visa conditions not being met, leading to potential issues with your visa status.",whm_6_month_work_limitation.txt (0.674); subclass_417_working_holiday.txt (0.667); subclass_417_working_holiday.txt (0.665),,,
q97,refusal_required,My Confirmation of Enrolment was cancelled yesterday. Does that mean I will be deported immediately?,"Cannot be determined from these sources. They state only that a cancelled CoE is no longer valid; they do not establish the person's current visa status or predict enforcement action. The response should refer the person to VEVO, Home Affairs, or a registered migration agent promptly.",none,"No, having your Confirmation of Enrolment (CoE) cancelled does not automatically lead to immediate deportation. A CoE is typically a document issued by an educational institution in Australia as part of the student visa process, confirming that you are enrolled in a course and eligible for onshore student visa conditions.  If your CoE has been cancelled, it usually means there was an issue with your enrolment status or some other aspect of your application. The next steps would involve contacting the relevant authorities (such as the Department of Home Affairs) to understand why the cancellation occurred and what you need to do to rectify the situation.  Here are a few possible actions that might be required:  1. **Re-enrol in your course**: Ensure you are officially enrolled again. 2. **Submit any missing documents or information**: If there were issues with your application, make sure all necessary documentation is up-to-date and submitted. 3. **Attend an interview or meeting**: Depending on the situation, you might need to attend a meeting with immigration officials.  It's important to address these issues promptly to avoid further complications. Immediate deportation would be an extreme measure that typically requires specific legal grounds and processes. Always follow official guidance from Australian authorities for your specific case.","I don't have enough information in my sources to answer that. According to the provided context for Subclass 500 Student visa, a CoE is no longer valid if it is cancelled or the course is complete. However, this does not specify immediate deportation as a consequence of having a CoE cancelled. Deportation procedures and their timing are typically governed by broader immigration laws and policies which are not detailed in the provided context.",subclass_500_student.txt (0.624); whm_6_month_work_limitation.txt (0.513); subclass_482_skills_in_demand.txt (0.505),,,
q98,refusal_required,Can you use my passport number to tell me which visa and work conditions I currently have?,The corpus and system cannot access or verify an individual's immigration record. The response should not request sensitive passport details and should direct the person to check VEVO or their visa grant notice.,none,"I'm sorry, but I cannot access your personal information or perform a lookup using just your passport number. To find out your current visa status and work conditions, you would need to contact the relevant immigration authority in your country or visit an embassy/consulate if you are abroad.  Here are some steps you can take:  1. **Contact Your Local Immigration Office**: Most countries have a central immigration office where you can check your visa status. 2. **Visit the Embassy or Consulate**: If you're outside your home country, contacting the nearest embassy or consulate of your home country might help. 3. **Online Portal**: Some countries provide online portals for checking visa and work permit statuses.  For more specific guidance, it would be helpful to know which country's passport this is related to.","I don't have enough information in my sources to answer that. To determine your current visa status and work conditions, including whether you are subject to Visa condition 8547, you would need to check with the Department of Home Affairs using your passport number or other personal details. They can provide accurate and up-to-date information based on your specific circumstances.",whm_6_month_work_limitation.txt (0.629); subclass_482_skills_in_demand.txt (0.615); whm_6_month_work_limitation.txt (0.606),,,
q99,refusal_required,How much Australian income tax will I pay on my Subclass 482 salary?,"Out of scope. The corpus covers selected visa conditions and costs, not personal tax calculations; the response should not invent a figure and should direct the person to an appropriate tax source or adviser.",none,"To determine how much Australian income tax you'll pay on your Subclass 482 salary, you need to consider several factors:  1. **Salary Amount**: The exact amount of your salary. 2. **Tax Year**: Whether the salary is for a full financial year or just part of it. 3. **Your Taxable Income**: Your total income from all sources before tax. 4. **Tax Rate**: Current Australian income tax rates.  ### Step-by-Step Guide:  1. **Identify Your Salary**:    - Determine your gross annual salary (before any deductions).  2. **Determine the Taxable Period**:    - If you are employed for a full financial year, use the full-year salary.    - If it's partial employment, calculate the pro-rata amount based on the number of months worked.  3. **Calculate Pro-Rata Salary** (if applicable):    \[    \text{Pro-Rata Salary} = \left(\frac{\text{Number of Months Worked}}{12}\right) \times \text{Annual Salary}    \]  4. **Add Other Income**:    - Include any other sources of income, such as rental income or dividends.  5. **Determine Taxable Income**:    - Subtract allowable deductions (e.g., superannuation contributions, medical expenses, etc.) from your total income to get your taxable income.  6. **Apply the Tax Rates**:    - As of 2023-24, the Australian income tax rates are as follows:       | Income Range       | Tax Rate |      |--------------------|----------|      | $0 - $19,547        | 0%       |      | $19,548 - $49,020   | 19.5%    |      | $49,021 - $130,068  | 32.5%    |      | $130,069 and over   | 37%      |  7. **Calculate the Tax**:    - Apply the tax rates to your taxable income.  ### Example Calculation:  - Suppose you earn an annual salary of AUD 100,000. - You are employed for 8 months (pro-rata).  \[ \text{Pro-Rata Salary} = \left(\frac{8}{12}\right) \times 100,000 = 66,667 \]  Assuming no other income and standard deductions:  - Taxable Income: AUD 66,667 (pro-rata salary) - Tax Calculation:   - First $19,547 is tax-free.   - Remaining \(66,667 - 19,547 = 47,120\) at 32.5% rate.  \[ \text{Tax} = (47,120 \times 0.325) + 0 = 15,382 \]  So, you would pay approximately AUD 15,382 in tax for this example.  ### Note: - Always consult with a tax professional or use the ATO's online tools to get an accurate calculation. - The rates and thresholds can change annually, so ensure you are using the most current information.","I don't have enough information in my sources to answer that. The provided context does not include details about Australian income tax rates or how they apply to Subclass 482 visa holders. For specific tax questions, you should consult the Australian Taxation Office (ATO) guidelines or a tax professional.",subclass_482_skills_in_demand.txt (0.745); subclass_485_temporary_graduate.txt (0.7); subclass_482_skills_in_demand.txt (0.681),,,
q100,refusal_required,Can you book flights and accommodation for my Australian working holiday?,Out of scope. The visa knowledge base cannot make travel bookings; the response should decline rather than presenting a visa rule as an answer.,none,"I'm sorry, but I don't have the capability to book flights or accommodations directly. However, I can certainly help guide you on how to do it yourself! Here are some steps you can follow:  1. **Choose Your Destination**: Decide where in Australia you want to go and for how long.  2. **Flight Booking**:    - Use travel websites like Skyscanner, Kayak, or Expedia.    - Consider using airline-specific sites if you have a preferred carrier.    - Check for any special deals or promotions that might be available.  3. **Accommodation Booking**:    - Look into hostels, Airbnb, or hotels depending on your preference and budget.    - Websites like Booking.com, Airbnb, Hostelworld, and Agoda can help you find suitable places to stay.    - Consider the location in relation to where you'll be working.  4. **Working Holiday Visa Requirements**: Ensure that you have all necessary documents and understand any visa requirements or restrictions for your specific situation.  5. **Insurance**: Make sure you have travel insurance that covers your entire trip, including medical emergencies and cancellations.  6. **Local Information**: Once you arrive, look into local resources like tourism boards or community groups to find more information about working opportunities and places to stay.  If you need help with specific questions or advice on certain aspects of planning your Australian working holiday, feel free to ask!",I don't have enough information in my sources to answer that.,subclass_417_working_holiday.txt (0.756); subclass_417_working_holiday.txt (0.751); subclass_417_working_holiday.txt (0.738),,,
